;  LST file generated by mikroListExporter - v.2.0 
; Date/Time: 5/11/2026 2:08:03 AM
;----------------------------------------------

;Address Opcode 	ASM
0x0000	0xF005EF14  	GOTO        2600
0x0004	0x0000      	NOP
0x0006	0x0000      	NOP
0x0008	0xF000EF00  	GOTO        0
0x000C	0x0000      	NOP
0x000E	0x0000      	NOP
0x0010	0x0000      	NOP
0x0012	0x0000      	NOP
0x0014	0x0000      	NOP
0x0016	0x0000      	NOP
0x0018	0xD7F3      	BRA         0
_Delay_5500us:
;__Lib_Delays.c,31 :: 		void Delay_5500us() {
;__Lib_Delays.c,32 :: 		Delay_us(5500);
0x001C	0x0E0F      	MOVLW       15
0x001E	0x6E0C      	MOVWF       R12, 0
0x0020	0x0E47      	MOVLW       71
0x0022	0x6E0D      	MOVWF       R13, 0
L_Delay_5500us5:
0x0024	0x2E0D      	DECFSZ      R13, 1, 0
0x0026	0xD7FE      	BRA         L_Delay_5500us5
0x0028	0x2E0C      	DECFSZ      R12, 1, 0
0x002A	0xD7FC      	BRA         L_Delay_5500us5
0x002C	0x0000      	NOP
0x002E	0x0000      	NOP
;__Lib_Delays.c,33 :: 		}
L_end_Delay_5500us:
0x0030	0x0012      	RETURN      0
; end of _Delay_5500us
_Delay_50us:
;__Lib_Delays.c,19 :: 		void Delay_50us() {
;__Lib_Delays.c,20 :: 		Delay_us(50);
0x0032	0x0E21      	MOVLW       33
0x0034	0x6E0D      	MOVWF       R13, 0
L_Delay_50us2:
0x0036	0x2E0D      	DECFSZ      R13, 1, 0
0x0038	0xD7FE      	BRA         L_Delay_50us2
;__Lib_Delays.c,21 :: 		}
L_end_Delay_50us:
0x003A	0x0012      	RETURN      0
; end of _Delay_50us
_Delay_1us:
;__Lib_Delays.c,7 :: 		void Delay_1us() {
;__Lib_Delays.c,8 :: 		Delay_us(1);
0x003C	0x0000      	NOP
0x003E	0x0000      	NOP
;__Lib_Delays.c,9 :: 		}
L_end_Delay_1us:
0x0040	0x0012      	RETURN      0
; end of _Delay_1us
_SETFUN32:
;__Lib_MathDouble.c,144 :: 		
;__Lib_MathDouble.c,152 :: 		
0x0042	0x840B      	BSF         R11, 2, 0
;__Lib_MathDouble.c,153 :: 		
0x0044	0xAE0B      	BTFSS       R11, 7, 0
;__Lib_MathDouble.c,154 :: 		
0x0046	0xF000EF2C  	GOTO        SETFUN32EEE
;__Lib_MathDouble.c,156 :: 		
0x004A	0x0E01      	MOVLW       1
;__Lib_MathDouble.c,157 :: 		
0x004C	0x6E03      	MOVWF       R3, 0
;__Lib_MathDouble.c,158 :: 		
0x004E	0x6A02      	CLRF        R2, 0
;__Lib_MathDouble.c,159 :: 		
0x0050	0x6A01      	CLRF        R1, 0
;__Lib_MathDouble.c,160 :: 		
0x0052	0x6A00      	CLRF        R0, 0
;__Lib_MathDouble.c,161 :: 		
0x0054	0x360A      	RLCF        R10, 1, 0
;__Lib_MathDouble.c,162 :: 		
0x0056	0x3202      	RRCF        R2, 1, 0
;__Lib_MathDouble.c,163 :: 		
SETFUN32EEE:
;__Lib_MathDouble.c,164 :: 		
0x0058	0x0EFF      	MOVLW       255
;__Lib_MathDouble.c,166 :: 		
L_end_SETFUN32:
0x005A	0x0012      	RETURN      0
; end of _SETFUN32
_FIXSIGN32:
;__Lib_MathDouble.c,117 :: 		
;__Lib_MathDouble.c,121 :: 		
0x005C	0xAE0A      	BTFSS       R10, 7, 0
;__Lib_MathDouble.c,122 :: 		
0x005E	0x9E02      	BCF         R2, 7, 0
;__Lib_MathDouble.c,123 :: 		
0x0060	0x0E00      	MOVLW       0
;__Lib_MathDouble.c,125 :: 		
L_end_FIXSIGN32:
0x0062	0x0012      	RETURN      0
; end of _FIXSIGN32
_Lcd_Cmd:
;__Lib_Lcd.c,18 :: 		
;__Lib_Lcd.c,20 :: 		
0x0064	0x0100      	MOVLB       0
0x0066	0xBF74      	BTFSC       FARG_Lcd_Cmd_out_char, 7, 1
0x0068	0xD002      	BRA         L__Lcd_Cmd21
0x006A	0x9681      	BCF         LCD_D7, BitPos(LCD_D7+0) 
0x006C	0xD001      	BRA         L__Lcd_Cmd22
L__Lcd_Cmd21:
0x006E	0x8681      	BSF         LCD_D7, BitPos(LCD_D7+0) 
L__Lcd_Cmd22:
;__Lib_Lcd.c,21 :: 		
0x0070	0xBD74      	BTFSC       FARG_Lcd_Cmd_out_char, 6, 1
0x0072	0xD002      	BRA         L__Lcd_Cmd23
0x0074	0x9481      	BCF         LCD_D6, BitPos(LCD_D6+0) 
0x0076	0xD001      	BRA         L__Lcd_Cmd24
L__Lcd_Cmd23:
0x0078	0x8481      	BSF         LCD_D6, BitPos(LCD_D6+0) 
L__Lcd_Cmd24:
;__Lib_Lcd.c,22 :: 		
0x007A	0xBB74      	BTFSC       FARG_Lcd_Cmd_out_char, 5, 1
0x007C	0xD002      	BRA         L__Lcd_Cmd25
0x007E	0x9281      	BCF         LCD_D5, BitPos(LCD_D5+0) 
0x0080	0xD001      	BRA         L__Lcd_Cmd26
L__Lcd_Cmd25:
0x0082	0x8281      	BSF         LCD_D5, BitPos(LCD_D5+0) 
L__Lcd_Cmd26:
;__Lib_Lcd.c,23 :: 		
0x0084	0xB974      	BTFSC       FARG_Lcd_Cmd_out_char, 4, 1
0x0086	0xD002      	BRA         L__Lcd_Cmd27
0x0088	0x9081      	BCF         LCD_D4, BitPos(LCD_D4+0) 
0x008A	0xD001      	BRA         L__Lcd_Cmd28
L__Lcd_Cmd27:
0x008C	0x8081      	BSF         LCD_D4, BitPos(LCD_D4+0) 
L__Lcd_Cmd28:
;__Lib_Lcd.c,25 :: 		
0x008E	0xB05D      	BTFSC       __Lib_Lcd_cmd_status, BitPos(__Lib_Lcd_cmd_status+0) 
0x0090	0xD002      	BRA         L__Lcd_Cmd29
0x0092	0x8881      	BSF         LCD_RS, BitPos(LCD_RS+0) 
0x0094	0xD001      	BRA         L__Lcd_Cmd30
L__Lcd_Cmd29:
0x0096	0x9881      	BCF         LCD_RS, BitPos(LCD_RS+0) 
L__Lcd_Cmd30:
;__Lib_Lcd.c,28 :: 		
0x0098	0x8A81      	BSF         LCD_EN, BitPos(LCD_EN+0) 
;__Lib_Lcd.c,29 :: 		
0x009A	0xDFD0      	RCALL       _Delay_1us
;__Lib_Lcd.c,30 :: 		
0x009C	0x9A81      	BCF         LCD_EN, BitPos(LCD_EN+0) 
;__Lib_Lcd.c,33 :: 		
0x009E	0xB774      	BTFSC       FARG_Lcd_Cmd_out_char, 3, 1
0x00A0	0xD002      	BRA         L__Lcd_Cmd31
0x00A2	0x9681      	BCF         LCD_D7, BitPos(LCD_D7+0) 
0x00A4	0xD001      	BRA         L__Lcd_Cmd32
L__Lcd_Cmd31:
0x00A6	0x8681      	BSF         LCD_D7, BitPos(LCD_D7+0) 
L__Lcd_Cmd32:
;__Lib_Lcd.c,34 :: 		
0x00A8	0xB574      	BTFSC       FARG_Lcd_Cmd_out_char, 2, 1
0x00AA	0xD002      	BRA         L__Lcd_Cmd33
0x00AC	0x9481      	BCF         LCD_D6, BitPos(LCD_D6+0) 
0x00AE	0xD001      	BRA         L__Lcd_Cmd34
L__Lcd_Cmd33:
0x00B0	0x8481      	BSF         LCD_D6, BitPos(LCD_D6+0) 
L__Lcd_Cmd34:
;__Lib_Lcd.c,35 :: 		
0x00B2	0xB374      	BTFSC       FARG_Lcd_Cmd_out_char, 1, 1
0x00B4	0xD002      	BRA         L__Lcd_Cmd35
0x00B6	0x9281      	BCF         LCD_D5, BitPos(LCD_D5+0) 
0x00B8	0xD001      	BRA         L__Lcd_Cmd36
L__Lcd_Cmd35:
0x00BA	0x8281      	BSF         LCD_D5, BitPos(LCD_D5+0) 
L__Lcd_Cmd36:
;__Lib_Lcd.c,36 :: 		
0x00BC	0xB174      	BTFSC       FARG_Lcd_Cmd_out_char, 0, 1
0x00BE	0xD002      	BRA         L__Lcd_Cmd37
0x00C0	0x9081      	BCF         LCD_D4, BitPos(LCD_D4+0) 
0x00C2	0xD001      	BRA         L__Lcd_Cmd38
L__Lcd_Cmd37:
0x00C4	0x8081      	BSF         LCD_D4, BitPos(LCD_D4+0) 
L__Lcd_Cmd38:
;__Lib_Lcd.c,38 :: 		
0x00C6	0xB05D      	BTFSC       __Lib_Lcd_cmd_status, BitPos(__Lib_Lcd_cmd_status+0) 
0x00C8	0xD002      	BRA         L__Lcd_Cmd39
0x00CA	0x8881      	BSF         LCD_RS, BitPos(LCD_RS+0) 
0x00CC	0xD001      	BRA         L__Lcd_Cmd40
L__Lcd_Cmd39:
0x00CE	0x9881      	BCF         LCD_RS, BitPos(LCD_RS+0) 
L__Lcd_Cmd40:
;__Lib_Lcd.c,40 :: 		
0x00D0	0x8A81      	BSF         LCD_EN, BitPos(LCD_EN+0) 
;__Lib_Lcd.c,41 :: 		
0x00D2	0xDFB4      	RCALL       _Delay_1us
;__Lib_Lcd.c,42 :: 		
0x00D4	0x9A81      	BCF         LCD_EN, BitPos(LCD_EN+0) 
;__Lib_Lcd.c,44 :: 		
0x00D6	0xA05D      	BTFSS       __Lib_Lcd_cmd_status, BitPos(__Lib_Lcd_cmd_status+0) 
0x00D8	0xD002      	BRA         L_Lcd_Cmd0
;__Lib_Lcd.c,45 :: 		
0x00DA	0xDFA0      	RCALL       _Delay_5500us
0x00DC	0xD001      	BRA         L_Lcd_Cmd1
L_Lcd_Cmd0:
;__Lib_Lcd.c,47 :: 		
0x00DE	0xDFA9      	RCALL       _Delay_50us
L_Lcd_Cmd1:
;__Lib_Lcd.c,48 :: 		
L_end_Lcd_Cmd:
0x00E0	0x0012      	RETURN      0
; end of _Lcd_Cmd
_RES032:
;__Lib_MathDouble.c,128 :: 		
;__Lib_MathDouble.c,134 :: 		
0x00E2	0x6A02      	CLRF        R2, 0
;__Lib_MathDouble.c,135 :: 		
0x00E4	0x6A01      	CLRF        R1, 0
;__Lib_MathDouble.c,136 :: 		
0x00E6	0x6A00      	CLRF        R0, 0
;__Lib_MathDouble.c,137 :: 		
0x00E8	0x6A08      	CLRF        R8, 0
;__Lib_MathDouble.c,138 :: 		
0x00EA	0x6A03      	CLRF        R3, 0
;__Lib_MathDouble.c,139 :: 		
0x00EC	0x0E00      	MOVLW       0
;__Lib_MathDouble.c,141 :: 		
L_end_RES032:
0x00EE	0x0012      	RETURN      0
; end of _RES032
_SETFOV32:
;__Lib_MathDouble.c,82 :: 		
;__Lib_MathDouble.c,90 :: 		
0x00F0	0x820B      	BSF         R11, 1, 0
;__Lib_MathDouble.c,91 :: 		
0x00F2	0xAE0B      	BTFSS       R11, 7, 0
;__Lib_MathDouble.c,92 :: 		
0x00F4	0xF000EF82  	GOTO        SETFOV32EEE
;__Lib_MathDouble.c,94 :: 		
0x00F8	0x6803      	SETF        R3, 0
;__Lib_MathDouble.c,95 :: 		
0x00FA	0x6802      	SETF        R2, 0
;__Lib_MathDouble.c,96 :: 		
0x00FC	0x6801      	SETF        R1, 0
;__Lib_MathDouble.c,97 :: 		
0x00FE	0x6800      	SETF        R0, 0
;__Lib_MathDouble.c,98 :: 		
0x0100	0x360A      	RLCF        R10, 1, 0
;__Lib_MathDouble.c,99 :: 		
0x0102	0x3202      	RRCF        R2, 1, 0
;__Lib_MathDouble.c,100 :: 		
SETFOV32EEE:
;__Lib_MathDouble.c,101 :: 		
0x0104	0x0EFF      	MOVLW       255
;__Lib_MathDouble.c,103 :: 		
L_end_SETFOV32:
0x0106	0x0012      	RETURN      0
; end of _SETFOV32
_Mul_32x32_FP:
;__Lib_MathDouble.c,1130 :: 		
;__Lib_MathDouble.c,1148 :: 		
0x0108	0x6A08      	CLRF        R8, 0
;__Lib_MathDouble.c,1149 :: 		
0x010A	0x6A09      	CLRF        R9, 0
;__Lib_MathDouble.c,1151 :: 		
0x010C	0x0E00      	MOVLW       0
;__Lib_MathDouble.c,1152 :: 		
0x010E	0x6207      	CPFSEQ      R7, 0
;__Lib_MathDouble.c,1153 :: 		
0x0110	0x6403      	CPFSGT      R3, 0
;__Lib_MathDouble.c,1154 :: 		
0x0112	0xF001EF09  	GOTO        MULJPRES032
;__Lib_MathDouble.c,1157 :: 		
0x0116	0x5002      	MOVF        R2, 0, 0
;__Lib_MathDouble.c,1158 :: 		
0x0118	0x1806      	XORWF       R6, 0, 0
;__Lib_MathDouble.c,1159 :: 		
0x011A	0x6E0A      	MOVWF       R10, 0
;__Lib_MathDouble.c,1161 :: 		
0x011C	0x5007      	MOVF        R7, 0, 0
;__Lib_MathDouble.c,1162 :: 		
0x011E	0x2603      	ADDWF       R3, 1, 0
;__Lib_MathDouble.c,1163 :: 		
0x0120	0x0E7E      	MOVLW       126
;__Lib_MathDouble.c,1164 :: 		
0x0122	0xA0D8      	BTFSS       STATUS, 0, 0
;__Lib_MathDouble.c,1165 :: 		
0x0124	0xF000EF9A  	GOTO        MTUN32
;__Lib_MathDouble.c,1167 :: 		
0x0128	0x5E03      	SUBWF       R3, 1, 0
;__Lib_MathDouble.c,1168 :: 		
0x012A	0xB0D8      	BTFSC       STATUS, 0, 0
;__Lib_MathDouble.c,1169 :: 		
0x012C	0xF001EF0D  	GOTO        MULJPSETFOV32
;__Lib_MathDouble.c,1170 :: 		
0x0130	0xF000EF9E  	GOTO        MOK32
;__Lib_MathDouble.c,1172 :: 		
MTUN32:
;__Lib_MathDouble.c,1173 :: 		
0x0134	0x5E03      	SUBWF       R3, 1, 0
;__Lib_MathDouble.c,1174 :: 		
0x0136	0xA0D8      	BTFSS       STATUS, 0, 0
;__Lib_MathDouble.c,1175 :: 		
0x0138	0xF001EF11  	GOTO        MULJPSETFUN32
;__Lib_MathDouble.c,1177 :: 		
MOK32:
;__Lib_MathDouble.c,1178 :: 		
0x013C	0x8E02      	BSF         R2, 7, 0
;__Lib_MathDouble.c,1179 :: 		
0x013E	0x8E06      	BSF         R6, 7, 0
;__Lib_MathDouble.c,1181 :: 		
0x0140	0xF00EC002  	MOVFF       R2, R14
;__Lib_MathDouble.c,1182 :: 		
0x0144	0xF00BC001  	MOVFF       R1, R11
;__Lib_MathDouble.c,1183 :: 		
0x0148	0xF00DC000  	MOVFF       R0, R13
;__Lib_MathDouble.c,1185 :: 		
0x014C	0x5000      	MOVF        R0, 0, 0
;__Lib_MathDouble.c,1186 :: 		
0x014E	0x0204      	MULWF       R4, 0
;__Lib_MathDouble.c,1187 :: 		
0x0150	0xF00CCFF4  	MOVFF       PRODH, R12
;__Lib_MathDouble.c,1189 :: 		
0x0154	0x5001      	MOVF        R1, 0, 0
;__Lib_MathDouble.c,1190 :: 		
0x0156	0x0205      	MULWF       R5, 0
;__Lib_MathDouble.c,1191 :: 		
0x0158	0xF000CFF4  	MOVFF       PRODH, R0
;__Lib_MathDouble.c,1192 :: 		
0x015C	0xF008CFF3  	MOVFF       PRODL, R8
;__Lib_MathDouble.c,1194 :: 		
0x0160	0x0204      	MULWF       R4, 0
;__Lib_MathDouble.c,1195 :: 		
0x0162	0x50F3      	MOVF        PRODL, 0, 0
;__Lib_MathDouble.c,1196 :: 		
0x0164	0x260C      	ADDWF       R12, 1, 0
;__Lib_MathDouble.c,1197 :: 		
0x0166	0x50F4      	MOVF        PRODH, 0, 0
;__Lib_MathDouble.c,1198 :: 		
0x0168	0x2208      	ADDWFC      R8, 1, 0
;__Lib_MathDouble.c,1199 :: 		
0x016A	0x0E00      	MOVLW       0
;__Lib_MathDouble.c,1200 :: 		
0x016C	0x2200      	ADDWFC      R0, 1, 0
;__Lib_MathDouble.c,1202 :: 		
0x016E	0x500D      	MOVF        R13, 0, 0
;__Lib_MathDouble.c,1203 :: 		
0x0170	0x0205      	MULWF       R5, 0
;__Lib_MathDouble.c,1204 :: 		
0x0172	0x50F3      	MOVF        PRODL, 0, 0
;__Lib_MathDouble.c,1205 :: 		
0x0174	0x260C      	ADDWF       R12, 1, 0
;__Lib_MathDouble.c,1206 :: 		
0x0176	0x50F4      	MOVF        PRODH, 0, 0
;__Lib_MathDouble.c,1207 :: 		
0x0178	0x2208      	ADDWFC      R8, 1, 0
;__Lib_MathDouble.c,1208 :: 		
0x017A	0x0E00      	MOVLW       0
;__Lib_MathDouble.c,1209 :: 		
0x017C	0x2200      	ADDWFC      R0, 1, 0
;__Lib_MathDouble.c,1211 :: 		
0x017E	0x5002      	MOVF        R2, 0, 0
;__Lib_MathDouble.c,1212 :: 		
0x0180	0x0204      	MULWF       R4, 0
;__Lib_MathDouble.c,1213 :: 		
0x0182	0x50F3      	MOVF        PRODL, 0, 0
;__Lib_MathDouble.c,1214 :: 		
0x0184	0x2608      	ADDWF       R8, 1, 0
;__Lib_MathDouble.c,1215 :: 		
0x0186	0x50F4      	MOVF        PRODH, 0, 0
;__Lib_MathDouble.c,1216 :: 		
0x0188	0x2200      	ADDWFC      R0, 1, 0
;__Lib_MathDouble.c,1217 :: 		
0x018A	0x5002      	MOVF        R2, 0, 0
;__Lib_MathDouble.c,1218 :: 		
0x018C	0x0205      	MULWF       R5, 0
;__Lib_MathDouble.c,1219 :: 		
0x018E	0x6A01      	CLRF        R1, 0
;__Lib_MathDouble.c,1220 :: 		
0x0190	0x0E00      	MOVLW       0
;__Lib_MathDouble.c,1221 :: 		
0x0192	0x2201      	ADDWFC      R1, 1, 0
;__Lib_MathDouble.c,1222 :: 		
0x0194	0x50F3      	MOVF        PRODL, 0, 0
;__Lib_MathDouble.c,1223 :: 		
0x0196	0x2600      	ADDWF       R0, 1, 0
;__Lib_MathDouble.c,1224 :: 		
0x0198	0x50F4      	MOVF        PRODH, 0, 0
;__Lib_MathDouble.c,1225 :: 		
0x019A	0x2201      	ADDWFC      R1, 1, 0
;__Lib_MathDouble.c,1227 :: 		
0x019C	0x500D      	MOVF        R13, 0, 0
;__Lib_MathDouble.c,1228 :: 		
0x019E	0x0206      	MULWF       R6, 0
;__Lib_MathDouble.c,1229 :: 		
0x01A0	0x50F3      	MOVF        PRODL, 0, 0
;__Lib_MathDouble.c,1230 :: 		
0x01A2	0x2608      	ADDWF       R8, 1, 0
;__Lib_MathDouble.c,1231 :: 		
0x01A4	0x50F4      	MOVF        PRODH, 0, 0
;__Lib_MathDouble.c,1232 :: 		
0x01A6	0x2200      	ADDWFC      R0, 1, 0
;__Lib_MathDouble.c,1233 :: 		
0x01A8	0x6A02      	CLRF        R2, 0
;__Lib_MathDouble.c,1234 :: 		
0x01AA	0x0E00      	MOVLW       0
;__Lib_MathDouble.c,1235 :: 		
0x01AC	0x2201      	ADDWFC      R1, 1, 0
;__Lib_MathDouble.c,1236 :: 		
0x01AE	0x2202      	ADDWFC      R2, 1, 0
;__Lib_MathDouble.c,1238 :: 		
0x01B0	0x500B      	MOVF        R11, 0, 0
;__Lib_MathDouble.c,1239 :: 		
0x01B2	0x0206      	MULWF       R6, 0
;__Lib_MathDouble.c,1240 :: 		
0x01B4	0x50F3      	MOVF        PRODL, 0, 0
;__Lib_MathDouble.c,1241 :: 		
0x01B6	0x2600      	ADDWF       R0, 1, 0
;__Lib_MathDouble.c,1242 :: 		
0x01B8	0x50F4      	MOVF        PRODH, 0, 0
;__Lib_MathDouble.c,1243 :: 		
0x01BA	0x2201      	ADDWFC      R1, 1, 0
;__Lib_MathDouble.c,1244 :: 		
0x01BC	0x0E00      	MOVLW       0
;__Lib_MathDouble.c,1245 :: 		
0x01BE	0x2202      	ADDWFC      R2, 1, 0
;__Lib_MathDouble.c,1247 :: 		
0x01C0	0x500E      	MOVF        R14, 0, 0
;__Lib_MathDouble.c,1248 :: 		
0x01C2	0x0206      	MULWF       R6, 0
;__Lib_MathDouble.c,1249 :: 		
0x01C4	0x50F3      	MOVF        PRODL, 0, 0
;__Lib_MathDouble.c,1250 :: 		
0x01C6	0x2601      	ADDWF       R1, 1, 0
;__Lib_MathDouble.c,1251 :: 		
0x01C8	0x50F4      	MOVF        PRODH, 0, 0
;__Lib_MathDouble.c,1252 :: 		
0x01CA	0x2202      	ADDWFC      R2, 1, 0
;__Lib_MathDouble.c,1254 :: 		
0x01CC	0xBE02      	BTFSC       R2, 7, 0
;__Lib_MathDouble.c,1255 :: 		
0x01CE	0xF000EFF1  	GOTO        MROUND32
;__Lib_MathDouble.c,1256 :: 		
0x01D2	0x3608      	RLCF        R8, 1, 0
;__Lib_MathDouble.c,1257 :: 		
0x01D4	0x3600      	RLCF        R0, 1, 0
;__Lib_MathDouble.c,1258 :: 		
0x01D6	0x3601      	RLCF        R1, 1, 0
;__Lib_MathDouble.c,1259 :: 		
0x01D8	0x3602      	RLCF        R2, 1, 0
;__Lib_MathDouble.c,1260 :: 		
0x01DA	0x0603      	DECF        R3, 1, 0
;__Lib_MathDouble.c,1261 :: 		
0x01DC	0xB4D8      	BTFSC       STATUS, 2, 0
;__Lib_MathDouble.c,1262 :: 		
0x01DE	0xF001EF11  	GOTO        MULJPSETFUN32
;__Lib_MathDouble.c,1264 :: 		
MROUND32:
;__Lib_MathDouble.c,1267 :: 		
0x01E2	0xF001EF04  	GOTO        MUL32OK
;__Lib_MathDouble.c,1268 :: 		
0x01E6	0x80D8      	BSF         STATUS, 0, 0
;__Lib_MathDouble.c,1269 :: 		
0x01E8	0x0E80      	MOVLW       128
;__Lib_MathDouble.c,1270 :: 		
0x01EA	0x6408      	CPFSGT      R8, 0
;__Lib_MathDouble.c,1271 :: 		
0x01EC	0x3000      	RRCF        R0, 0, 0
;__Lib_MathDouble.c,1272 :: 		
0x01EE	0x0E00      	MOVLW       0
;__Lib_MathDouble.c,1273 :: 		
0x01F0	0x2200      	ADDWFC      R0, 1, 0
;__Lib_MathDouble.c,1274 :: 		
0x01F2	0x2201      	ADDWFC      R1, 1, 0
;__Lib_MathDouble.c,1275 :: 		
0x01F4	0x2202      	ADDWFC      R2, 1, 0
;__Lib_MathDouble.c,1277 :: 		
0x01F6	0xA0D8      	BTFSS       STATUS, 0, 0
;__Lib_MathDouble.c,1278 :: 		
0x01F8	0xF001EF04  	GOTO        MUL32OK
;__Lib_MathDouble.c,1279 :: 		
0x01FC	0x3202      	RRCF        R2, 1, 0
;__Lib_MathDouble.c,1280 :: 		
0x01FE	0x3201      	RRCF        R1, 1, 0
;__Lib_MathDouble.c,1281 :: 		
0x0200	0x3200      	RRCF        R0, 1, 0
;__Lib_MathDouble.c,1282 :: 		
0x0202	0x4A03      	INFSNZ      R3, 1, 0
;__Lib_MathDouble.c,1283 :: 		
0x0204	0xF001EF0D  	GOTO        MULJPSETFOV32
;__Lib_MathDouble.c,1285 :: 		
MUL32OK:
;__Lib_MathDouble.c,1286 :: 		
0x0208	0xAE0A      	BTFSS       R10, 7, 0
;__Lib_MathDouble.c,1287 :: 		
0x020A	0x9E02      	BCF         R2, 7, 0
;__Lib_MathDouble.c,1289 :: 		
0x020C	0x0E00      	MOVLW       0
;__Lib_MathDouble.c,1290 :: 		
0x020E	0xF001EF13  	GOTO        MULEEE
;__Lib_MathDouble.c,1291 :: 		
MULJPRES032:
;__Lib_MathDouble.c,1292 :: 		
0x0212	0x0E01      	MOVLW       1
;__Lib_MathDouble.c,1295 :: 		
0x0214	0xDF66      	RCALL       _RES032
;__Lib_MathDouble.c,1297 :: 		
0x0216	0xF001EF13  	GOTO        MULEEE
;__Lib_MathDouble.c,1298 :: 		
MULJPSETFOV32:
;__Lib_MathDouble.c,1299 :: 		
0x021A	0x0E02      	MOVLW       2
;__Lib_MathDouble.c,1302 :: 		
0x021C	0xDF69      	RCALL       _SETFOV32
;__Lib_MathDouble.c,1304 :: 		
0x021E	0xF001EF13  	GOTO        MULEEE
;__Lib_MathDouble.c,1305 :: 		
MULJPSETFUN32:
;__Lib_MathDouble.c,1306 :: 		
0x0222	0x0E04      	MOVLW       4
;__Lib_MathDouble.c,1309 :: 		
0x0224	0xDF0E      	RCALL       _SETFUN32
;__Lib_MathDouble.c,1311 :: 		
MULEEE:
;__Lib_MathDouble.c,1318 :: 		
L_end_Mul_32x32_FP:
0x0226	0x0012      	RETURN      0
; end of _Mul_32x32_FP
_NRM3232:
;__Lib_MathDouble.c,455 :: 		
;__Lib_MathDouble.c,463 :: 		
0x0228	0x6A0C      	CLRF        R12, 0
;__Lib_MathDouble.c,464 :: 		
0x022A	0x6A0E      	CLRF        R14, 0
;__Lib_MathDouble.c,465 :: 		
0x022C	0x5002      	MOVF        R2, 0, 0
;__Lib_MathDouble.c,466 :: 		
0x022E	0xA4D8      	BTFSS       STATUS, 2, 0
;__Lib_MathDouble.c,467 :: 		
0x0230	0xF001EF2D  	GOTO        NORM3232
;__Lib_MathDouble.c,468 :: 		
0x0234	0xF002C001  	MOVFF       R1, R2
;__Lib_MathDouble.c,469 :: 		
0x0238	0xF001C000  	MOVFF       R0, R1
;__Lib_MathDouble.c,470 :: 		
0x023C	0x6A00      	CLRF        R0, 0
;__Lib_MathDouble.c,471 :: 		
0x023E	0x860E      	BSF         R14, 3, 0
;__Lib_MathDouble.c,473 :: 		
0x0240	0x5002      	MOVF        R2, 0, 0
;__Lib_MathDouble.c,474 :: 		
0x0242	0xA4D8      	BTFSS       STATUS, 2, 0
;__Lib_MathDouble.c,475 :: 		
0x0244	0xF001EF2D  	GOTO        NORM3232
;__Lib_MathDouble.c,476 :: 		
0x0248	0xF002C001  	MOVFF       R1, R2
;__Lib_MathDouble.c,477 :: 		
0x024C	0x6A01      	CLRF        R1, 0
;__Lib_MathDouble.c,478 :: 		
0x024E	0x960E      	BCF         R14, 3, 0
;__Lib_MathDouble.c,479 :: 		
0x0250	0x880E      	BSF         R14, 4, 0
;__Lib_MathDouble.c,481 :: 		
0x0252	0x5002      	MOVF        R2, 0, 0
;__Lib_MathDouble.c,482 :: 		
0x0254	0xB4D8      	BTFSC       STATUS, 2, 0
;__Lib_MathDouble.c,483 :: 		
0x0256	0xF001EF3F  	GOTO        JPNRES032
;__Lib_MathDouble.c,484 :: 		
NORM3232:
;__Lib_MathDouble.c,485 :: 		
0x025A	0x500E      	MOVF        R14, 0, 0
;__Lib_MathDouble.c,486 :: 		
0x025C	0x5E03      	SUBWF       R3, 1, 0
;__Lib_MathDouble.c,487 :: 		
0x025E	0xA4D8      	BTFSS       STATUS, 2, 0
;__Lib_MathDouble.c,488 :: 		
0x0260	0xA0D8      	BTFSS       STATUS, 0, 0
;__Lib_MathDouble.c,489 :: 		
0x0262	0xF001EF44  	GOTO        JPNSETFUN32
;__Lib_MathDouble.c,490 :: 		
0x0266	0x90D8      	BCF         STATUS, 0, 0
;__Lib_MathDouble.c,491 :: 		
NORM3232A:
;__Lib_MathDouble.c,492 :: 		
0x0268	0xBE02      	BTFSC       R2, 7, 0
;__Lib_MathDouble.c,493 :: 		
0x026A	0xF001EF49  	GOTO        JMPNFIXSIGN32
;__Lib_MathDouble.c,494 :: 		
0x026E	0x3600      	RLCF        R0, 1, 0
;__Lib_MathDouble.c,495 :: 		
0x0270	0x3601      	RLCF        R1, 1, 0
;__Lib_MathDouble.c,496 :: 		
0x0272	0x3602      	RLCF        R2, 1, 0
;__Lib_MathDouble.c,497 :: 		
0x0274	0x2E03      	DECFSZ      R3, 1, 0
;__Lib_MathDouble.c,498 :: 		
0x0276	0xF001EF34  	GOTO        NORM3232A
;__Lib_MathDouble.c,499 :: 		
0x027A	0xF001EF44  	GOTO        JPNSETFUN32
;__Lib_MathDouble.c,500 :: 		
JPNRES032:
;__Lib_MathDouble.c,501 :: 		
0x027E	0x0E01      	MOVLW       1
;__Lib_MathDouble.c,502 :: 		
0x0280	0x6E0C      	MOVWF       R12, 0
;__Lib_MathDouble.c,504 :: 		
0x0282	0xDF2F      	RCALL       _RES032
;__Lib_MathDouble.c,506 :: 		
0x0284	0xF001EF4C  	GOTO        NORM32EEE
;__Lib_MathDouble.c,507 :: 		
JPNSETFUN32:
;__Lib_MathDouble.c,508 :: 		
0x0288	0x0E02      	MOVLW       2
;__Lib_MathDouble.c,509 :: 		
0x028A	0x6E0C      	MOVWF       R12, 0
;__Lib_MathDouble.c,511 :: 		
0x028C	0xDEDA      	RCALL       _SETFUN32
;__Lib_MathDouble.c,513 :: 		
0x028E	0xF001EF4C  	GOTO        NORM32EEE
;__Lib_MathDouble.c,514 :: 		
JMPNFIXSIGN32:
;__Lib_MathDouble.c,515 :: 		
0x0292	0x0E04      	MOVLW       4
;__Lib_MathDouble.c,516 :: 		
0x0294	0x6E0C      	MOVWF       R12, 0
;__Lib_MathDouble.c,518 :: 		
0x0296	0xDEE2      	RCALL       _FIXSIGN32
;__Lib_MathDouble.c,520 :: 		
NORM32EEE:
;__Lib_MathDouble.c,527 :: 		
L_end_NRM3232:
0x0298	0x0012      	RETURN      0
; end of _NRM3232
_Compare_Double:
;__Lib_MathDouble.c,2518 :: 		
;__Lib_MathDouble.c,2529 :: 		
0x029A	0x6A0A      	CLRF        R10, 0
;__Lib_MathDouble.c,2530 :: 		
0x029C	0x5003      	MOVF        R3, 0, 0
;__Lib_MathDouble.c,2531 :: 		
0x029E	0xA4D8      	BTFSS       STATUS, 2, 0
;__Lib_MathDouble.c,2532 :: 		
0x02A0	0x800A      	BSF         R10, 0, 0
;__Lib_MathDouble.c,2533 :: 		
0x02A2	0x5007      	MOVF        R7, 0, 0
;__Lib_MathDouble.c,2534 :: 		
0x02A4	0xA4D8      	BTFSS       STATUS, 2, 0
;__Lib_MathDouble.c,2535 :: 		
0x02A6	0x820A      	BSF         R10, 1, 0
;__Lib_MathDouble.c,2537 :: 		
0x02A8	0x500A      	MOVF        R10, 0, 0
;__Lib_MathDouble.c,2538 :: 		
0x02AA	0xB4D8      	BTFSC       STATUS, 2, 0
;__Lib_MathDouble.c,2539 :: 		
0x02AC	0xF001EFB0  	GOTO        COMPARE_EQU
;__Lib_MathDouble.c,2540 :: 		
0x02B0	0x0A03      	XORLW       3
;__Lib_MathDouble.c,2541 :: 		
0x02B2	0xB4D8      	BTFSC       STATUS, 2, 0
;__Lib_MathDouble.c,2542 :: 		
0x02B4	0xF001EF69  	GOTO        COMPARE_NOTZERO
;__Lib_MathDouble.c,2544 :: 		
0x02B8	0xB00A      	BTFSC       R10, 0, 0
;__Lib_MathDouble.c,2545 :: 		
0x02BA	0xF001EF64  	GOTO        COMPARE_XNOTZERO
;__Lib_MathDouble.c,2547 :: 		
0x02BE	0xAE06      	BTFSS       R6, 7, 0
;__Lib_MathDouble.c,2548 :: 		
0x02C0	0xF001EFAE  	GOTO        COMPARE_LT
;__Lib_MathDouble.c,2549 :: 		
0x02C4	0xF001EFAC  	GOTO        COMPARE_GT
;__Lib_MathDouble.c,2550 :: 		
COMPARE_XNOTZERO:
;__Lib_MathDouble.c,2551 :: 		
0x02C8	0xAE02      	BTFSS       R2, 7, 0
;__Lib_MathDouble.c,2552 :: 		
0x02CA	0xF001EFAC  	GOTO        COMPARE_GT
;__Lib_MathDouble.c,2553 :: 		
0x02CE	0xF001EFAE  	GOTO        COMPARE_LT
;__Lib_MathDouble.c,2555 :: 		
COMPARE_NOTZERO:
;__Lib_MathDouble.c,2556 :: 		
0x02D2	0x5002      	MOVF        R2, 0, 0
;__Lib_MathDouble.c,2557 :: 		
0x02D4	0x0B80      	ANDLW       128
;__Lib_MathDouble.c,2558 :: 		
0x02D6	0x6E0A      	MOVWF       R10, 0
;__Lib_MathDouble.c,2559 :: 		
0x02D8	0x9E02      	BCF         R2, 7, 0
;__Lib_MathDouble.c,2561 :: 		
0x02DA	0x5006      	MOVF        R6, 0, 0
;__Lib_MathDouble.c,2562 :: 		
0x02DC	0x0B80      	ANDLW       128
;__Lib_MathDouble.c,2563 :: 		
0x02DE	0x9E06      	BCF         R6, 7, 0
;__Lib_MathDouble.c,2565 :: 		
0x02E0	0x180A      	XORWF       R10, 0, 0
;__Lib_MathDouble.c,2566 :: 		
0x02E2	0xB4D8      	BTFSC       STATUS, 2, 0
;__Lib_MathDouble.c,2567 :: 		
0x02E4	0xF001EF7A  	GOTO        COMPARE_TESTALL
;__Lib_MathDouble.c,2569 :: 		
0x02E8	0x500A      	MOVF        R10, 0, 0
;__Lib_MathDouble.c,2570 :: 		
0x02EA	0xB4D8      	BTFSC       STATUS, 2, 0
;__Lib_MathDouble.c,2571 :: 		
0x02EC	0xF001EFAC  	GOTO        COMPARE_GT
;__Lib_MathDouble.c,2572 :: 		
0x02F0	0xF001EFAE  	GOTO        COMPARE_LT
;__Lib_MathDouble.c,2574 :: 		
COMPARE_TESTALL:
;__Lib_MathDouble.c,2575 :: 		
0x02F4	0x5007      	MOVF        R7, 0, 0
;__Lib_MathDouble.c,2576 :: 		
0x02F6	0x5C03      	SUBWF       R3, 0, 0
;__Lib_MathDouble.c,2577 :: 		
0x02F8	0xB4D8      	BTFSC       STATUS, 2, 0
;__Lib_MathDouble.c,2578 :: 		
0x02FA	0xF001EF84  	GOTO        COMPARE_C1
;__Lib_MathDouble.c,2579 :: 		
0x02FE	0xA0D8      	BTFSS       STATUS, 0, 0
;__Lib_MathDouble.c,2580 :: 		
0x0300	0xF001EFA0  	GOTO        GT_FALSE
;__Lib_MathDouble.c,2581 :: 		
0x0304	0xF001EFA6  	GOTO        GT_TRUE
;__Lib_MathDouble.c,2582 :: 		
COMPARE_C1:
;__Lib_MathDouble.c,2583 :: 		
0x0308	0x5006      	MOVF        R6, 0, 0
;__Lib_MathDouble.c,2584 :: 		
0x030A	0x5C02      	SUBWF       R2, 0, 0
;__Lib_MathDouble.c,2585 :: 		
0x030C	0xB4D8      	BTFSC       STATUS, 2, 0
;__Lib_MathDouble.c,2586 :: 		
0x030E	0xF001EF8E  	GOTO        COMPARE_C2
;__Lib_MathDouble.c,2587 :: 		
0x0312	0xA0D8      	BTFSS       STATUS, 0, 0
;__Lib_MathDouble.c,2588 :: 		
0x0314	0xF001EFA0  	GOTO        GT_FALSE
;__Lib_MathDouble.c,2589 :: 		
0x0318	0xF001EFA6  	GOTO        GT_TRUE
;__Lib_MathDouble.c,2590 :: 		
COMPARE_C2:
;__Lib_MathDouble.c,2591 :: 		
0x031C	0x5005      	MOVF        R5, 0, 0
;__Lib_MathDouble.c,2592 :: 		
0x031E	0x5C01      	SUBWF       R1, 0, 0
;__Lib_MathDouble.c,2593 :: 		
0x0320	0xB4D8      	BTFSC       STATUS, 2, 0
;__Lib_MathDouble.c,2594 :: 		
0x0322	0xF001EF98  	GOTO        COMPARE_C3
;__Lib_MathDouble.c,2595 :: 		
0x0326	0xA0D8      	BTFSS       STATUS, 0, 0
;__Lib_MathDouble.c,2596 :: 		
0x0328	0xF001EFA0  	GOTO        GT_FALSE
;__Lib_MathDouble.c,2597 :: 		
0x032C	0xF001EFA6  	GOTO        GT_TRUE
;__Lib_MathDouble.c,2598 :: 		
COMPARE_C3:
;__Lib_MathDouble.c,2599 :: 		
0x0330	0x5004      	MOVF        R4, 0, 0
;__Lib_MathDouble.c,2600 :: 		
0x0332	0x5C00      	SUBWF       R0, 0, 0
;__Lib_MathDouble.c,2601 :: 		
0x0334	0xB4D8      	BTFSC       STATUS, 2, 0
;__Lib_MathDouble.c,2602 :: 		
0x0336	0xF001EFB0  	GOTO        COMPARE_EQU
;__Lib_MathDouble.c,2603 :: 		
0x033A	0xB0D8      	BTFSC       STATUS, 0, 0
;__Lib_MathDouble.c,2604 :: 		
0x033C	0xF001EFA6  	GOTO        GT_TRUE
;__Lib_MathDouble.c,2606 :: 		
GT_FALSE:
;__Lib_MathDouble.c,2607 :: 		
0x0340	0x520A      	MOVF        R10, 1, 0
;__Lib_MathDouble.c,2608 :: 		
0x0342	0xB4D8      	BTFSC       STATUS, 2, 0
;__Lib_MathDouble.c,2609 :: 		
0x0344	0xF001EFAE  	GOTO        COMPARE_LT
;__Lib_MathDouble.c,2610 :: 		
0x0348	0xF001EFAC  	GOTO        COMPARE_GT
;__Lib_MathDouble.c,2611 :: 		
GT_TRUE:
;__Lib_MathDouble.c,2612 :: 		
0x034C	0x520A      	MOVF        R10, 1, 0
;__Lib_MathDouble.c,2613 :: 		
0x034E	0xB4D8      	BTFSC       STATUS, 2, 0
;__Lib_MathDouble.c,2614 :: 		
0x0350	0xF001EFAC  	GOTO        COMPARE_GT
;__Lib_MathDouble.c,2615 :: 		
0x0354	0xF001EFAE  	GOTO        COMPARE_LT
;__Lib_MathDouble.c,2617 :: 		
COMPARE_GT:
;__Lib_MathDouble.c,2620 :: 		
0x0358	0x80D8      	BSF         STATUS, 0, 0
;__Lib_MathDouble.c,2621 :: 		
0x035A	0x0012      	RETURN      0
;__Lib_MathDouble.c,2622 :: 		
COMPARE_LT:
;__Lib_MathDouble.c,2625 :: 		
0x035C	0x90D8      	BCF         STATUS, 0, 0
;__Lib_MathDouble.c,2626 :: 		
0x035E	0x0012      	RETURN      0
;__Lib_MathDouble.c,2627 :: 		
COMPARE_EQU:
;__Lib_MathDouble.c,2630 :: 		
0x0360	0x80D8      	BSF         STATUS, 0, 0
;__Lib_MathDouble.c,2631 :: 		
0x0362	0x84D8      	BSF         STATUS, 2, 0
;__Lib_MathDouble.c,2632 :: 		
0x0364	0x0012      	RETURN      0
;__Lib_MathDouble.c,2634 :: 		
L_end_Compare_Double:
0x0366	0x0012      	RETURN      0
; end of _Compare_Double
_strcpy:
;__Lib_CString.c,133 :: 		
;__Lib_CString.c,136 :: 		
0x0368	0xF004C070  	MOVFF       FARG_strcpy_to, R4
0x036C	0xF005C071  	MOVFF       FARG_strcpy_to+1, R5
;__Lib_CString.c,137 :: 		
L_strcpy34:
0x0370	0xF002C004  	MOVFF       R4, R2
0x0374	0xF003C005  	MOVFF       R5, R3
0x0378	0x4A04      	INFSNZ      R4, 1 
0x037A	0x2A05      	INCF        R5, 1 
0x037C	0xF000C072  	MOVFF       FARG_strcpy_from, R0
0x0380	0xF001C073  	MOVFF       FARG_strcpy_from+1, R1
0x0384	0x0100      	MOVLB       0
0x0386	0x4B72      	INFSNZ      FARG_strcpy_from, 1, 1
0x0388	0x2B73      	INCF        FARG_strcpy_from+1, 1, 1
0x038A	0xFFE9C000  	MOVFF       R0, FSR0L
0x038E	0xFFEAC001  	MOVFF       R1, FSR0H
0x0392	0xFFE1C002  	MOVFF       R2, FSR1L
0x0396	0xFFE2C003  	MOVFF       R3, FSR1H
0x039A	0xFFE6CFEE  	MOVFF       POSTINC0, POSTINC1
0x039E	0xFFE9C002  	MOVFF       R2, FSR0L
0x03A2	0xFFEAC003  	MOVFF       R3, FSR0H
0x03A6	0x52EE      	MOVF        POSTINC0, 1 
0x03A8	0xE001      	BZ          L_strcpy35
;__Lib_CString.c,138 :: 		
0x03AA	0xD7E2      	BRA         L_strcpy34
L_strcpy35:
;__Lib_CString.c,139 :: 		
0x03AC	0xF000C070  	MOVFF       FARG_strcpy_to, R0
0x03B0	0xF001C071  	MOVFF       FARG_strcpy_to+1, R1
;__Lib_CString.c,140 :: 		
L_end_strcpy:
0x03B4	0x0012      	RETURN      0
; end of _strcpy
_Delay_22us:
;__Lib_Delays.c,15 :: 		void Delay_22us() {
;__Lib_Delays.c,16 :: 		Delay_us(22);
0x03B6	0x0E0E      	MOVLW       14
0x03B8	0x6E0D      	MOVWF       R13, 0
L_Delay_22us1:
0x03BA	0x2E0D      	DECFSZ      R13, 1, 0
0x03BC	0xD7FE      	BRA         L_Delay_22us1
0x03BE	0x0000      	NOP
;__Lib_Delays.c,17 :: 		}
L_end_Delay_22us:
0x03C0	0x0012      	RETURN      0
; end of _Delay_22us
_Div_8X8_U:
;__Lib_Math.c,77 :: 		
;__Lib_Math.c,84 :: 		
0x03C2	0x6A08      	CLRF        R8, 0
;__Lib_Math.c,85 :: 		
0x03C4	0x0E08      	MOVLW       8
;__Lib_Math.c,86 :: 		
0x03C6	0x6E0C      	MOVWF       R12, 0
;__Lib_Math.c,87 :: 		
0x03C8	0x3400      	RLCF        R0, 0, 0
;__Lib_Math.c,88 :: 		
0x03CA	0x3608      	RLCF        R8, 1, 0
;__Lib_Math.c,89 :: 		
0x03CC	0x5004      	MOVF        R4, 0, 0
;__Lib_Math.c,90 :: 		
0x03CE	0x5E08      	SUBWF       R8, 1, 0
;__Lib_Math.c,91 :: 		
0x03D0	0xB0D8      	BTFSC       STATUS, 0, 0
;__Lib_Math.c,92 :: 		
0x03D2	0xD002      	BRA         $+6
;__Lib_Math.c,93 :: 		
0x03D4	0x2608      	ADDWF       R8, 1, 0
;__Lib_Math.c,94 :: 		
0x03D6	0x90D8      	BCF         STATUS, 0, 0
;__Lib_Math.c,95 :: 		
0x03D8	0x3600      	RLCF        R0, 1, 0
;__Lib_Math.c,96 :: 		
0x03DA	0x2E0C      	DECFSZ      R12, 1, 0
;__Lib_Math.c,97 :: 		
0x03DC	0xD7F5      	BRA         $-20
;__Lib_Math.c,99 :: 		
L_end_Div_8X8_U:
0x03DE	0x0012      	RETURN      0
; end of _Div_8X8_U
_Lcd_Chr_CP:
;__Lib_Lcd.c,50 :: 		
;__Lib_Lcd.c,52 :: 		
0x03E0	0x905D      	BCF         __Lib_Lcd_cmd_status, BitPos(__Lib_Lcd_cmd_status+0) 
;__Lib_Lcd.c,53 :: 		
0x03E2	0xF074C070  	MOVFF       FARG_Lcd_Chr_CP_out_char, FARG_Lcd_Cmd_out_char
0x03E6	0xDE3E      	RCALL       _Lcd_Cmd
;__Lib_Lcd.c,54 :: 		
0x03E8	0x805D      	BSF         __Lib_Lcd_cmd_status, BitPos(__Lib_Lcd_cmd_status+0) 
;__Lib_Lcd.c,55 :: 		
L_end_Lcd_Chr_CP:
0x03EA	0x0012      	RETURN      0
; end of _Lcd_Chr_CP
_ADC_Init:
;__Lib_ADC_A_D.c,6 :: 		
;__Lib_ADC_A_D.c,7 :: 		
0x03EC	0x0EFF      	MOVLW       _ADC_Get_Sample
0x03EE	0x0100      	MOVLB       0
0x03F0	0x6F61      	MOVWF       _ADC_Get_Sample_Ptr, 1
0x03F2	0x0EFF      	MOVLW       hi_addr(_ADC_Get_Sample)
0x03F4	0x6F62      	MOVWF       _ADC_Get_Sample_Ptr+1, 1
0x03F6	0x0EFF      	MOVLW       FARG_ADC_Get_Sample_channel
0x03F8	0x6F63      	MOVWF       _ADC_Get_Sample_Ptr+2, 1
0x03FA	0x0EFF      	MOVLW       hi_addr(FARG_ADC_Get_Sample_channel)
0x03FC	0x6F64      	MOVWF       _ADC_Get_Sample_Ptr+3, 1
;__Lib_ADC_A_D.c,9 :: 		
0x03FE	0x6AC2      	CLRF        ADCON0 
;__Lib_ADC_A_D.c,10 :: 		
0x0400	0x0E07      	MOVLW       7
0x0402	0x12C0      	IORWF       ADCON2, 1 
;__Lib_ADC_A_D.c,11 :: 		
0x0404	0x8EC0      	BSF         ADCON2, 7 
;__Lib_ADC_A_D.c,12 :: 		
0x0406	0x80C2      	BSF         ADCON0, 0 
;__Lib_ADC_A_D.c,13 :: 		
L_end_ADC_Init:
0x0408	0x0012      	RETURN      0
; end of _ADC_Init
___CC2DW:
;__Lib_System.c,21 :: 		
;__Lib_System.c,23 :: 		
_CC2DL_Loop1:
;__Lib_System.c,24 :: 		
0x040A	0x0009      	TBLRD*+
;__Lib_System.c,25 :: 		
0x040C	0xFFE6CFF5  	MOVFF       TABLAT, POSTINC1
;__Lib_System.c,26 :: 		
0x0410	0x0600      	DECF        R0, 1, 0
;__Lib_System.c,27 :: 		
0x0412	0xE1FB      	BNZ         _CC2DL_Loop1
;__Lib_System.c,28 :: 		
0x0414	0x0601      	DECF        R1, 1, 0
;__Lib_System.c,29 :: 		
0x0416	0xE1F9      	BNZ         _CC2DL_Loop1
;__Lib_System.c,31 :: 		
L_end___CC2DW:
0x0418	0x0012      	RETURN      0
; end of ___CC2DW
_Lcd_Out:
;__Lib_Lcd.c,184 :: 		
;__Lib_Lcd.c,187 :: 		
0x041A	0xD010      	BRA         L_Lcd_Out11
;__Lib_Lcd.c,188 :: 		
L_Lcd_Out13:
0x041C	0x0E80      	MOVLW       128
0x041E	0x0100      	MOVLB       0
0x0420	0x6F65      	MOVWF       FARG_Lcd_Out_row, 1
0x0422	0xD01A      	BRA         L_Lcd_Out12
;__Lib_Lcd.c,189 :: 		
L_Lcd_Out14:
0x0424	0x0EC0      	MOVLW       192
0x0426	0x6F65      	MOVWF       FARG_Lcd_Out_row, 1
0x0428	0xD017      	BRA         L_Lcd_Out12
;__Lib_Lcd.c,190 :: 		
L_Lcd_Out15:
0x042A	0x0E94      	MOVLW       148
0x042C	0x6F65      	MOVWF       FARG_Lcd_Out_row, 1
0x042E	0xD014      	BRA         L_Lcd_Out12
;__Lib_Lcd.c,191 :: 		
L_Lcd_Out16:
0x0430	0x0ED4      	MOVLW       212
0x0432	0x6F65      	MOVWF       FARG_Lcd_Out_row, 1
0x0434	0xD011      	BRA         L_Lcd_Out12
;__Lib_Lcd.c,192 :: 		
L_Lcd_Out17:
0x0436	0x0E80      	MOVLW       128
0x0438	0x6F65      	MOVWF       FARG_Lcd_Out_row, 1
;__Lib_Lcd.c,193 :: 		
0x043A	0xD00E      	BRA         L_Lcd_Out12
L_Lcd_Out11:
0x043C	0x0100      	MOVLB       0
0x043E	0x5165      	MOVF        FARG_Lcd_Out_row, 0, 1
0x0440	0x0A01      	XORLW       1
0x0442	0xE0EC      	BZ          L_Lcd_Out13
0x0444	0x5165      	MOVF        FARG_Lcd_Out_row, 0, 1
0x0446	0x0A02      	XORLW       2
0x0448	0xE0ED      	BZ          L_Lcd_Out14
0x044A	0x5165      	MOVF        FARG_Lcd_Out_row, 0, 1
0x044C	0x0A03      	XORLW       3
0x044E	0xE0ED      	BZ          L_Lcd_Out15
0x0450	0x5165      	MOVF        FARG_Lcd_Out_row, 0, 1
0x0452	0x0A04      	XORLW       4
0x0454	0xE0ED      	BZ          L_Lcd_Out16
0x0456	0xD7EF      	BRA         L_Lcd_Out17
L_Lcd_Out12:
;__Lib_Lcd.c,194 :: 		
0x0458	0x0566      	DECF        FARG_Lcd_Out_column, 0, 1
0x045A	0x6E00      	MOVWF       R0 
0x045C	0x5165      	MOVF        FARG_Lcd_Out_row, 0, 1
0x045E	0x2600      	ADDWF       R0, 1 
0x0460	0xF065C000  	MOVFF       R0, FARG_Lcd_Out_row
;__Lib_Lcd.c,196 :: 		
0x0464	0xF074C000  	MOVFF       R0, FARG_Lcd_Cmd_out_char
0x0468	0xDDFD      	RCALL       _Lcd_Cmd
;__Lib_Lcd.c,197 :: 		
0x046A	0x905D      	BCF         __Lib_Lcd_cmd_status, BitPos(__Lib_Lcd_cmd_status+0) 
;__Lib_Lcd.c,198 :: 		
0x046C	0x6A5E      	CLRF        Lcd_Out_i_L0 
;__Lib_Lcd.c,199 :: 		
L_Lcd_Out18:
0x046E	0x505E      	MOVF        Lcd_Out_i_L0, 0 
0x0470	0x2567      	ADDWF       FARG_Lcd_Out_text, 0, 1
0x0472	0x6EE9      	MOVWF       FSR0L 
0x0474	0x0E00      	MOVLW       0
0x0476	0x2168      	ADDWFC      FARG_Lcd_Out_text+1, 0, 1
0x0478	0x6EEA      	MOVWF       FSR0H 
0x047A	0x52EE      	MOVF        POSTINC0, 1 
0x047C	0xE00B      	BZ          L_Lcd_Out19
;__Lib_Lcd.c,200 :: 		
0x047E	0x505E      	MOVF        Lcd_Out_i_L0, 0 
0x0480	0x2567      	ADDWF       FARG_Lcd_Out_text, 0, 1
0x0482	0x6EE9      	MOVWF       FSR0L 
0x0484	0x0E00      	MOVLW       0
0x0486	0x2168      	ADDWFC      FARG_Lcd_Out_text+1, 0, 1
0x0488	0x6EEA      	MOVWF       FSR0H 
0x048A	0xF070CFEE  	MOVFF       POSTINC0, FARG_Lcd_Chr_CP_out_char
0x048E	0xDFA8      	RCALL       _Lcd_Chr_CP
0x0490	0x2A5E      	INCF        Lcd_Out_i_L0, 1 
0x0492	0xD7ED      	BRA         L_Lcd_Out18
L_Lcd_Out19:
;__Lib_Lcd.c,201 :: 		
0x0494	0x805D      	BSF         __Lib_Lcd_cmd_status, BitPos(__Lib_Lcd_cmd_status+0) 
;__Lib_Lcd.c,202 :: 		
L_end_Lcd_Out:
0x0496	0x0012      	RETURN      0
; end of _Lcd_Out
_Lcd_Init:
;__Lib_Lcd.c,84 :: 		
;__Lib_Lcd.c,86 :: 		
0x0498	0x9A93      	BCF         LCD_EN_Direction, BitPos(LCD_EN_Direction+0) 
;__Lib_Lcd.c,87 :: 		
0x049A	0x9893      	BCF         LCD_RS_Direction, BitPos(LCD_RS_Direction+0) 
;__Lib_Lcd.c,88 :: 		
0x049C	0x9093      	BCF         LCD_D4_Direction, BitPos(LCD_D4_Direction+0) 
;__Lib_Lcd.c,89 :: 		
0x049E	0x9293      	BCF         LCD_D5_Direction, BitPos(LCD_D5_Direction+0) 
;__Lib_Lcd.c,90 :: 		
0x04A0	0x9493      	BCF         LCD_D6_Direction, BitPos(LCD_D6_Direction+0) 
;__Lib_Lcd.c,91 :: 		
0x04A2	0x9693      	BCF         LCD_D7_Direction, BitPos(LCD_D7_Direction+0) 
;__Lib_Lcd.c,93 :: 		
0x04A4	0x9A81      	BCF         LCD_EN, BitPos(LCD_EN+0) 
;__Lib_Lcd.c,94 :: 		
0x04A6	0x9881      	BCF         LCD_RS, BitPos(LCD_RS+0) 
;__Lib_Lcd.c,95 :: 		
0x04A8	0x9681      	BCF         LCD_D7, BitPos(LCD_D7+0) 
;__Lib_Lcd.c,96 :: 		
0x04AA	0x9481      	BCF         LCD_D6, BitPos(LCD_D6+0) 
;__Lib_Lcd.c,97 :: 		
0x04AC	0x9281      	BCF         LCD_D5, BitPos(LCD_D5+0) 
;__Lib_Lcd.c,98 :: 		
0x04AE	0x9081      	BCF         LCD_D4, BitPos(LCD_D4+0) 
;__Lib_Lcd.c,100 :: 		
0x04B0	0xDDB5      	RCALL       _Delay_5500us
;__Lib_Lcd.c,101 :: 		
0x04B2	0xDDB4      	RCALL       _Delay_5500us
;__Lib_Lcd.c,102 :: 		
0x04B4	0xDDB3      	RCALL       _Delay_5500us
;__Lib_Lcd.c,105 :: 		
0x04B6	0x8281      	BSF         LCD_D5, BitPos(LCD_D5+0) 
;__Lib_Lcd.c,106 :: 		
0x04B8	0x8081      	BSF         LCD_D4, BitPos(LCD_D4+0) 
;__Lib_Lcd.c,107 :: 		
0x04BA	0x8A81      	BSF         LCD_EN, BitPos(LCD_EN+0) 
;__Lib_Lcd.c,108 :: 		
0x04BC	0xDDBF      	RCALL       _Delay_1us
;__Lib_Lcd.c,109 :: 		
0x04BE	0x9A81      	BCF         LCD_EN, BitPos(LCD_EN+0) 
;__Lib_Lcd.c,110 :: 		
0x04C0	0xDDAD      	RCALL       _Delay_5500us
;__Lib_Lcd.c,112 :: 		
0x04C2	0x8A81      	BSF         LCD_EN, BitPos(LCD_EN+0) 
;__Lib_Lcd.c,113 :: 		
0x04C4	0xDDBB      	RCALL       _Delay_1us
;__Lib_Lcd.c,114 :: 		
0x04C6	0x9A81      	BCF         LCD_EN, BitPos(LCD_EN+0) 
;__Lib_Lcd.c,115 :: 		
0x04C8	0xDDA9      	RCALL       _Delay_5500us
;__Lib_Lcd.c,117 :: 		
0x04CA	0x8A81      	BSF         LCD_EN, BitPos(LCD_EN+0) 
;__Lib_Lcd.c,118 :: 		
0x04CC	0xDDB7      	RCALL       _Delay_1us
;__Lib_Lcd.c,119 :: 		
0x04CE	0x9A81      	BCF         LCD_EN, BitPos(LCD_EN+0) 
;__Lib_Lcd.c,120 :: 		
0x04D0	0xDDA5      	RCALL       _Delay_5500us
;__Lib_Lcd.c,123 :: 		
0x04D2	0x9081      	BCF         LCD_D4, BitPos(LCD_D4+0) 
;__Lib_Lcd.c,124 :: 		
0x04D4	0x8A81      	BSF         LCD_EN, BitPos(LCD_EN+0) 
;__Lib_Lcd.c,125 :: 		
0x04D6	0xDDB2      	RCALL       _Delay_1us
;__Lib_Lcd.c,126 :: 		
0x04D8	0x9A81      	BCF         LCD_EN, BitPos(LCD_EN+0) 
;__Lib_Lcd.c,127 :: 		
0x04DA	0xDDA0      	RCALL       _Delay_5500us
;__Lib_Lcd.c,130 :: 		
0x04DC	0x8A81      	BSF         LCD_EN, BitPos(LCD_EN+0) 
;__Lib_Lcd.c,131 :: 		
0x04DE	0xDDAE      	RCALL       _Delay_1us
;__Lib_Lcd.c,132 :: 		
0x04E0	0x9A81      	BCF         LCD_EN, BitPos(LCD_EN+0) 
;__Lib_Lcd.c,134 :: 		
0x04E2	0x9281      	BCF         LCD_D5, BitPos(LCD_D5+0) 
;__Lib_Lcd.c,135 :: 		
0x04E4	0x8681      	BSF         LCD_D7, BitPos(LCD_D7+0) 
;__Lib_Lcd.c,136 :: 		
0x04E6	0x8A81      	BSF         LCD_EN, BitPos(LCD_EN+0) 
;__Lib_Lcd.c,137 :: 		
0x04E8	0xDDA9      	RCALL       _Delay_1us
;__Lib_Lcd.c,138 :: 		
0x04EA	0x9A81      	BCF         LCD_EN, BitPos(LCD_EN+0) 
;__Lib_Lcd.c,139 :: 		
0x04EC	0xDD97      	RCALL       _Delay_5500us
;__Lib_Lcd.c,142 :: 		
0x04EE	0x9681      	BCF         LCD_D7, BitPos(LCD_D7+0) 
;__Lib_Lcd.c,143 :: 		
0x04F0	0x8081      	BSF         LCD_D4, BitPos(LCD_D4+0) 
;__Lib_Lcd.c,144 :: 		
0x04F2	0x8A81      	BSF         LCD_EN, BitPos(LCD_EN+0) 
;__Lib_Lcd.c,145 :: 		
0x04F4	0xDDA3      	RCALL       _Delay_1us
;__Lib_Lcd.c,146 :: 		
0x04F6	0x9A81      	BCF         LCD_EN, BitPos(LCD_EN+0) 
;__Lib_Lcd.c,148 :: 		
0x04F8	0x9081      	BCF         LCD_D4, BitPos(LCD_D4+0) 
;__Lib_Lcd.c,149 :: 		
0x04FA	0x8A81      	BSF         LCD_EN, BitPos(LCD_EN+0) 
;__Lib_Lcd.c,150 :: 		
0x04FC	0xDD9F      	RCALL       _Delay_1us
;__Lib_Lcd.c,151 :: 		
0x04FE	0x9A81      	BCF         LCD_EN, BitPos(LCD_EN+0) 
;__Lib_Lcd.c,152 :: 		
0x0500	0xDD8D      	RCALL       _Delay_5500us
;__Lib_Lcd.c,155 :: 		
0x0502	0x8A81      	BSF         LCD_EN, BitPos(LCD_EN+0) 
;__Lib_Lcd.c,156 :: 		
0x0504	0xDD9B      	RCALL       _Delay_1us
;__Lib_Lcd.c,157 :: 		
0x0506	0x9A81      	BCF         LCD_EN, BitPos(LCD_EN+0) 
;__Lib_Lcd.c,159 :: 		
0x0508	0x8081      	BSF         LCD_D4, BitPos(LCD_D4+0) 
;__Lib_Lcd.c,160 :: 		
0x050A	0x8A81      	BSF         LCD_EN, BitPos(LCD_EN+0) 
;__Lib_Lcd.c,161 :: 		
0x050C	0xDD97      	RCALL       _Delay_1us
;__Lib_Lcd.c,162 :: 		
0x050E	0x9A81      	BCF         LCD_EN, BitPos(LCD_EN+0) 
;__Lib_Lcd.c,163 :: 		
0x0510	0xDD85      	RCALL       _Delay_5500us
;__Lib_Lcd.c,166 :: 		
0x0512	0x9081      	BCF         LCD_D4, BitPos(LCD_D4+0) 
;__Lib_Lcd.c,167 :: 		
0x0514	0x8A81      	BSF         LCD_EN, BitPos(LCD_EN+0) 
;__Lib_Lcd.c,168 :: 		
0x0516	0xDD92      	RCALL       _Delay_1us
;__Lib_Lcd.c,169 :: 		
0x0518	0x9A81      	BCF         LCD_EN, BitPos(LCD_EN+0) 
;__Lib_Lcd.c,171 :: 		
0x051A	0x8681      	BSF         LCD_D7, BitPos(LCD_D7+0) 
;__Lib_Lcd.c,172 :: 		
0x051C	0x8481      	BSF         LCD_D6, BitPos(LCD_D6+0) 
;__Lib_Lcd.c,173 :: 		
0x051E	0x8281      	BSF         LCD_D5, BitPos(LCD_D5+0) 
;__Lib_Lcd.c,174 :: 		
0x0520	0x8081      	BSF         LCD_D4, BitPos(LCD_D4+0) 
;__Lib_Lcd.c,175 :: 		
0x0522	0x8A81      	BSF         LCD_EN, BitPos(LCD_EN+0) 
;__Lib_Lcd.c,176 :: 		
0x0524	0xDD8B      	RCALL       _Delay_1us
;__Lib_Lcd.c,177 :: 		
0x0526	0x9A81      	BCF         LCD_EN, BitPos(LCD_EN+0) 
;__Lib_Lcd.c,179 :: 		
0x0528	0xDD79      	RCALL       _Delay_5500us
;__Lib_Lcd.c,181 :: 		
0x052A	0x805D      	BSF         __Lib_Lcd_cmd_status, BitPos(__Lib_Lcd_cmd_status+0) 
;__Lib_Lcd.c,182 :: 		
L_end_Lcd_Init:
0x052C	0x0012      	RETURN      0
; end of _Lcd_Init
_Lcd_Chr:
;__Lib_Lcd.c,65 :: 		
;__Lib_Lcd.c,66 :: 		
0x052E	0xD010      	BRA         L_Lcd_Chr4
;__Lib_Lcd.c,67 :: 		
L_Lcd_Chr6:
0x0530	0x0E80      	MOVLW       128
0x0532	0x0100      	MOVLB       0
0x0534	0x6F65      	MOVWF       FARG_Lcd_Chr_row, 1
0x0536	0xD01A      	BRA         L_Lcd_Chr5
;__Lib_Lcd.c,68 :: 		
L_Lcd_Chr7:
0x0538	0x0EC0      	MOVLW       192
0x053A	0x6F65      	MOVWF       FARG_Lcd_Chr_row, 1
0x053C	0xD017      	BRA         L_Lcd_Chr5
;__Lib_Lcd.c,69 :: 		
L_Lcd_Chr8:
0x053E	0x0E94      	MOVLW       148
0x0540	0x6F65      	MOVWF       FARG_Lcd_Chr_row, 1
0x0542	0xD014      	BRA         L_Lcd_Chr5
;__Lib_Lcd.c,70 :: 		
L_Lcd_Chr9:
0x0544	0x0ED4      	MOVLW       212
0x0546	0x6F65      	MOVWF       FARG_Lcd_Chr_row, 1
0x0548	0xD011      	BRA         L_Lcd_Chr5
;__Lib_Lcd.c,71 :: 		
L_Lcd_Chr10:
0x054A	0x0E80      	MOVLW       128
0x054C	0x6F65      	MOVWF       FARG_Lcd_Chr_row, 1
;__Lib_Lcd.c,72 :: 		
0x054E	0xD00E      	BRA         L_Lcd_Chr5
L_Lcd_Chr4:
0x0550	0x0100      	MOVLB       0
0x0552	0x5165      	MOVF        FARG_Lcd_Chr_row, 0, 1
0x0554	0x0A01      	XORLW       1
0x0556	0xE0EC      	BZ          L_Lcd_Chr6
0x0558	0x5165      	MOVF        FARG_Lcd_Chr_row, 0, 1
0x055A	0x0A02      	XORLW       2
0x055C	0xE0ED      	BZ          L_Lcd_Chr7
0x055E	0x5165      	MOVF        FARG_Lcd_Chr_row, 0, 1
0x0560	0x0A03      	XORLW       3
0x0562	0xE0ED      	BZ          L_Lcd_Chr8
0x0564	0x5165      	MOVF        FARG_Lcd_Chr_row, 0, 1
0x0566	0x0A04      	XORLW       4
0x0568	0xE0ED      	BZ          L_Lcd_Chr9
0x056A	0xD7EF      	BRA         L_Lcd_Chr10
L_Lcd_Chr5:
;__Lib_Lcd.c,74 :: 		
0x056C	0x0566      	DECF        FARG_Lcd_Chr_column, 0, 1
0x056E	0x6E00      	MOVWF       R0 
0x0570	0x5165      	MOVF        FARG_Lcd_Chr_row, 0, 1
0x0572	0x2600      	ADDWF       R0, 1 
0x0574	0xF065C000  	MOVFF       R0, FARG_Lcd_Chr_row
;__Lib_Lcd.c,76 :: 		
0x0578	0x805D      	BSF         __Lib_Lcd_cmd_status, BitPos(__Lib_Lcd_cmd_status+0) 
;__Lib_Lcd.c,77 :: 		
0x057A	0xF074C000  	MOVFF       R0, FARG_Lcd_Cmd_out_char
0x057E	0xDD72      	RCALL       _Lcd_Cmd
;__Lib_Lcd.c,79 :: 		
0x0580	0x905D      	BCF         __Lib_Lcd_cmd_status, BitPos(__Lib_Lcd_cmd_status+0) 
;__Lib_Lcd.c,80 :: 		
0x0582	0xF074C067  	MOVFF       FARG_Lcd_Chr_out_char, FARG_Lcd_Cmd_out_char
0x0586	0xDD6E      	RCALL       _Lcd_Cmd
;__Lib_Lcd.c,81 :: 		
0x0588	0x805D      	BSF         __Lib_Lcd_cmd_status, BitPos(__Lib_Lcd_cmd_status+0) 
;__Lib_Lcd.c,82 :: 		
L_end_Lcd_Chr:
0x058A	0x0012      	RETURN      0
; end of _Lcd_Chr
_Lcd_Out_CP:
;__Lib_Lcd.c,57 :: 		
;__Lib_Lcd.c,59 :: 		
0x058C	0x0100      	MOVLB       0
0x058E	0x6B60      	CLRF        Lcd_Out_CP_i_L0, 1
;__Lib_Lcd.c,60 :: 		
L_Lcd_Out_CP2:
0x0590	0x5160      	MOVF        Lcd_Out_CP_i_L0, 0, 1
0x0592	0x245E      	ADDWF       FARG_Lcd_Out_CP_text, 0 
0x0594	0x6EE9      	MOVWF       FSR0L 
0x0596	0x0E00      	MOVLW       0
0x0598	0x205F      	ADDWFC      FARG_Lcd_Out_CP_text+1, 0 
0x059A	0x6EEA      	MOVWF       FSR0H 
0x059C	0x52EE      	MOVF        POSTINC0, 1 
0x059E	0xE00B      	BZ          L_Lcd_Out_CP3
;__Lib_Lcd.c,61 :: 		
0x05A0	0x5160      	MOVF        Lcd_Out_CP_i_L0, 0, 1
0x05A2	0x245E      	ADDWF       FARG_Lcd_Out_CP_text, 0 
0x05A4	0x6EE9      	MOVWF       FSR0L 
0x05A6	0x0E00      	MOVLW       0
0x05A8	0x205F      	ADDWFC      FARG_Lcd_Out_CP_text+1, 0 
0x05AA	0x6EEA      	MOVWF       FSR0H 
0x05AC	0xF070CFEE  	MOVFF       POSTINC0, FARG_Lcd_Chr_CP_out_char
0x05B0	0xDF17      	RCALL       _Lcd_Chr_CP
0x05B2	0x2B60      	INCF        Lcd_Out_CP_i_L0, 1, 1
;__Lib_Lcd.c,62 :: 		
0x05B4	0xD7ED      	BRA         L_Lcd_Out_CP2
L_Lcd_Out_CP3:
;__Lib_Lcd.c,63 :: 		
L_end_Lcd_Out_CP:
0x05B6	0x0012      	RETURN      0
; end of _Lcd_Out_CP
_FloatToStr:
;__Lib_Conversions.c,472 :: 		
;__Lib_Conversions.c,474 :: 		
0x05B8	0x0100      	MOVLB       0
0x05BA	0x6B60      	CLRF        FloatToStr_bpoint_L0, 1
0x05BC	0x6B6F      	CLRF        FloatToStr_dexpon_L0, 1
;__Lib_Conversions.c,479 :: 		
0x05BE	0xF06BC065  	MOVFF       FARG_FloatToStr_fnum, FloatToStr_un_L0
0x05C2	0xF06CC066  	MOVFF       FARG_FloatToStr_fnum+1, FloatToStr_un_L0+1
0x05C6	0xF06DC067  	MOVFF       FARG_FloatToStr_fnum+2, FloatToStr_un_L0+2
0x05CA	0xF06EC068  	MOVFF       FARG_FloatToStr_fnum+3, FloatToStr_un_L0+3
;__Lib_Conversions.c,480 :: 		
0x05CE	0x516E      	MOVF        FloatToStr_un_L0+3, 0, 1
0x05D0	0x0AFF      	XORLW       255
0x05D2	0xE108      	BNZ         L__FloatToStr145
0x05D4	0x516D      	MOVF        FloatToStr_un_L0+2, 0, 1
0x05D6	0x0AFF      	XORLW       255
0x05D8	0xE105      	BNZ         L__FloatToStr145
0x05DA	0x516C      	MOVF        FloatToStr_un_L0+1, 0, 1
0x05DC	0x0AFF      	XORLW       255
0x05DE	0xE102      	BNZ         L__FloatToStr145
0x05E0	0x516B      	MOVF        FloatToStr_un_L0, 0, 1
0x05E2	0x0AFF      	XORLW       255
L__FloatToStr145:
0x05E4	0xE10C      	BNZ         L_FloatToStr76
;__Lib_Conversions.c,481 :: 		
0x05E6	0xF070C069  	MOVFF       FARG_FloatToStr_str, FARG_strcpy_to
0x05EA	0xF071C06A  	MOVFF       FARG_FloatToStr_str+1, FARG_strcpy_to+1
0x05EE	0x0E44      	MOVLW       ?lstr1___Lib_Conversions
0x05F0	0x6F72      	MOVWF       FARG_strcpy_from, 1
0x05F2	0x0E00      	MOVLW       hi_addr(?lstr1___Lib_Conversions)
0x05F4	0x6F73      	MOVWF       FARG_strcpy_from+1, 1
0x05F6	0xDEB8      	RCALL       _strcpy
;__Lib_Conversions.c,482 :: 		
0x05F8	0x0E03      	MOVLW       3
0x05FA	0x6E00      	MOVWF       R0 
0x05FC	0xD1E5      	BRA         L_end_FloatToStr
;__Lib_Conversions.c,483 :: 		
L_FloatToStr76:
;__Lib_Conversions.c,484 :: 		
0x05FE	0x0E01      	MOVLW       1
0x0600	0x6E5E      	MOVWF       FloatToStr_i_L0 
;__Lib_Conversions.c,485 :: 		
0x0602	0xAF6D      	BTFSS       FloatToStr_un_L0+2, 7, 1
0x0604	0xD00E      	BRA         L_FloatToStr77
;__Lib_Conversions.c,486 :: 		
0x0606	0x0E80      	MOVLW       128
0x0608	0x196D      	XORWF       FloatToStr_un_L0+2, 0, 1
0x060A	0x6E00      	MOVWF       R0 
0x060C	0xF06DC000  	MOVFF       R0, FloatToStr_un_L0+2
;__Lib_Conversions.c,487 :: 		
0x0610	0x2A5E      	INCF        FloatToStr_i_L0, 1 
;__Lib_Conversions.c,488 :: 		
0x0612	0xFFE1C069  	MOVFF       FARG_FloatToStr_str, FSR1L
0x0616	0xFFE2C06A  	MOVFF       FARG_FloatToStr_str+1, FSR1H
0x061A	0x0E2D      	MOVLW       45
0x061C	0x6EE6      	MOVWF       POSTINC1 
0x061E	0x4B69      	INFSNZ      FARG_FloatToStr_str, 1, 1
0x0620	0x2B6A      	INCF        FARG_FloatToStr_str+1, 1, 1
;__Lib_Conversions.c,489 :: 		
L_FloatToStr77:
;__Lib_Conversions.c,490 :: 		
0x0622	0x0E00      	MOVLW       0
0x0624	0x6E00      	MOVWF       R0 
0x0626	0x196E      	XORWF       FloatToStr_un_L0+3, 0, 1
0x0628	0xE108      	BNZ         L__FloatToStr146
0x062A	0x5000      	MOVF        R0, 0 
0x062C	0x196D      	XORWF       FloatToStr_un_L0+2, 0, 1
0x062E	0xE105      	BNZ         L__FloatToStr146
0x0630	0x5000      	MOVF        R0, 0 
0x0632	0x196C      	XORWF       FloatToStr_un_L0+1, 0, 1
0x0634	0xE102      	BNZ         L__FloatToStr146
0x0636	0x516B      	MOVF        FloatToStr_un_L0, 0, 1
0x0638	0x0A00      	XORLW       0
L__FloatToStr146:
0x063A	0xE10B      	BNZ         L_FloatToStr78
;__Lib_Conversions.c,491 :: 		
0x063C	0xF070C069  	MOVFF       FARG_FloatToStr_str, FARG_strcpy_to
0x0640	0xF071C06A  	MOVFF       FARG_FloatToStr_str+1, FARG_strcpy_to+1
0x0644	0x0E3C      	MOVLW       ?lstr2___Lib_Conversions
0x0646	0x6F72      	MOVWF       FARG_strcpy_from, 1
0x0648	0x0E00      	MOVLW       hi_addr(?lstr2___Lib_Conversions)
0x064A	0x6F73      	MOVWF       FARG_strcpy_from+1, 1
0x064C	0xDE8D      	RCALL       _strcpy
;__Lib_Conversions.c,492 :: 		
0x064E	0x6A00      	CLRF        R0 
0x0650	0xD1BB      	BRA         L_end_FloatToStr
;__Lib_Conversions.c,493 :: 		
L_FloatToStr78:
;__Lib_Conversions.c,494 :: 		
0x0652	0x516E      	MOVF        FloatToStr_un_L0+3, 0, 1
0x0654	0x0AFF      	XORLW       255
0x0656	0xE108      	BNZ         L__FloatToStr147
0x0658	0x516D      	MOVF        FloatToStr_un_L0+2, 0, 1
0x065A	0x0A00      	XORLW       0
0x065C	0xE105      	BNZ         L__FloatToStr147
0x065E	0x516C      	MOVF        FloatToStr_un_L0+1, 0, 1
0x0660	0x0A00      	XORLW       0
0x0662	0xE102      	BNZ         L__FloatToStr147
0x0664	0x516B      	MOVF        FloatToStr_un_L0, 0, 1
0x0666	0x0A00      	XORLW       0
L__FloatToStr147:
0x0668	0xE10C      	BNZ         L_FloatToStr79
;__Lib_Conversions.c,495 :: 		
0x066A	0xF070C069  	MOVFF       FARG_FloatToStr_str, FARG_strcpy_to
0x066E	0xF071C06A  	MOVFF       FARG_FloatToStr_str+1, FARG_strcpy_to+1
0x0672	0x0E3E      	MOVLW       ?lstr3___Lib_Conversions
0x0674	0x6F72      	MOVWF       FARG_strcpy_from, 1
0x0676	0x0E00      	MOVLW       hi_addr(?lstr3___Lib_Conversions)
0x0678	0x6F73      	MOVWF       FARG_strcpy_from+1, 1
0x067A	0xDE76      	RCALL       _strcpy
;__Lib_Conversions.c,496 :: 		
0x067C	0xF000C05E  	MOVFF       FloatToStr_i_L0, R0
0x0680	0xD1A3      	BRA         L_end_FloatToStr
;__Lib_Conversions.c,497 :: 		
L_FloatToStr79:
;__Lib_Conversions.c,505 :: 		
L_FloatToStr80:
0x0682	0x0E00      	MOVLW       0
0x0684	0x6E04      	MOVWF       R4 
0x0686	0x0E00      	MOVLW       0
0x0688	0x6E05      	MOVWF       R5 
0x068A	0x0E00      	MOVLW       0
0x068C	0x6E06      	MOVWF       R6 
0x068E	0x0E7F      	MOVLW       127
0x0690	0x6E07      	MOVWF       R7 
0x0692	0xF000C06B  	MOVFF       FloatToStr_un_L0, R0
0x0696	0xF001C06C  	MOVFF       FloatToStr_un_L0+1, R1
0x069A	0xF002C06D  	MOVFF       FloatToStr_un_L0+2, R2
0x069E	0xF003C06E  	MOVFF       FloatToStr_un_L0+3, R3
0x06A2	0xDDFB      	RCALL       _Compare_Double
0x06A4	0x0E01      	MOVLW       1
0x06A6	0xB0D8      	BTFSC       STATUS, 0 
0x06A8	0x0E00      	MOVLW       0
0x06AA	0x6E00      	MOVWF       R0 
0x06AC	0x5200      	MOVF        R0, 1 
0x06AE	0xE01B      	BZ          L_FloatToStr81
;__Lib_Conversions.c,506 :: 		
0x06B0	0xF000C06B  	MOVFF       FloatToStr_un_L0, R0
0x06B4	0xF001C06C  	MOVFF       FloatToStr_un_L0+1, R1
0x06B8	0xF002C06D  	MOVFF       FloatToStr_un_L0+2, R2
0x06BC	0xF003C06E  	MOVFF       FloatToStr_un_L0+3, R3
0x06C0	0x0E00      	MOVLW       0
0x06C2	0x6E04      	MOVWF       R4 
0x06C4	0x0E00      	MOVLW       0
0x06C6	0x6E05      	MOVWF       R5 
0x06C8	0x0E20      	MOVLW       32
0x06CA	0x6E06      	MOVWF       R6 
0x06CC	0x0E82      	MOVLW       130
0x06CE	0x6E07      	MOVWF       R7 
0x06D0	0xDD1B      	RCALL       _Mul_32x32_FP
0x06D2	0xF06BC000  	MOVFF       R0, FloatToStr_un_L0
0x06D6	0xF06CC001  	MOVFF       R1, FloatToStr_un_L0+1
0x06DA	0xF06DC002  	MOVFF       R2, FloatToStr_un_L0+2
0x06DE	0xF06EC003  	MOVFF       R3, FloatToStr_un_L0+3
;__Lib_Conversions.c,507 :: 		
0x06E2	0x076F      	DECF        FloatToStr_dexpon_L0, 1, 1
;__Lib_Conversions.c,508 :: 		
0x06E4	0xD7CE      	BRA         L_FloatToStr80
L_FloatToStr81:
;__Lib_Conversions.c,513 :: 		
L_FloatToStr82:
0x06E6	0x0E00      	MOVLW       0
0x06E8	0x6E04      	MOVWF       R4 
0x06EA	0x0E00      	MOVLW       0
0x06EC	0x6E05      	MOVWF       R5 
0x06EE	0x0E20      	MOVLW       32
0x06F0	0x6E06      	MOVWF       R6 
0x06F2	0x0E82      	MOVLW       130
0x06F4	0x6E07      	MOVWF       R7 
0x06F6	0xF000C06B  	MOVFF       FloatToStr_un_L0, R0
0x06FA	0xF001C06C  	MOVFF       FloatToStr_un_L0+1, R1
0x06FE	0xF002C06D  	MOVFF       FloatToStr_un_L0+2, R2
0x0702	0xF003C06E  	MOVFF       FloatToStr_un_L0+3, R3
0x0706	0xDDC9      	RCALL       _Compare_Double
0x0708	0x0E00      	MOVLW       0
0x070A	0xB0D8      	BTFSC       STATUS, 0 
0x070C	0x0E01      	MOVLW       1
0x070E	0x6E00      	MOVWF       R0 
0x0710	0x5200      	MOVF        R0, 1 
0x0712	0xE01B      	BZ          L_FloatToStr83
;__Lib_Conversions.c,514 :: 		
0x0714	0xF000C06B  	MOVFF       FloatToStr_un_L0, R0
0x0718	0xF001C06C  	MOVFF       FloatToStr_un_L0+1, R1
0x071C	0xF002C06D  	MOVFF       FloatToStr_un_L0+2, R2
0x0720	0xF003C06E  	MOVFF       FloatToStr_un_L0+3, R3
0x0724	0x0ECD      	MOVLW       205
0x0726	0x6E04      	MOVWF       R4 
0x0728	0x0ECC      	MOVLW       204
0x072A	0x6E05      	MOVWF       R5 
0x072C	0x0E4C      	MOVLW       76
0x072E	0x6E06      	MOVWF       R6 
0x0730	0x0E7B      	MOVLW       123
0x0732	0x6E07      	MOVWF       R7 
0x0734	0xDCE9      	RCALL       _Mul_32x32_FP
0x0736	0xF06BC000  	MOVFF       R0, FloatToStr_un_L0
0x073A	0xF06CC001  	MOVFF       R1, FloatToStr_un_L0+1
0x073E	0xF06DC002  	MOVFF       R2, FloatToStr_un_L0+2
0x0742	0xF06EC003  	MOVFF       R3, FloatToStr_un_L0+3
;__Lib_Conversions.c,515 :: 		
0x0746	0x2B6F      	INCF        FloatToStr_dexpon_L0, 1, 1
;__Lib_Conversions.c,516 :: 		
0x0748	0xD7CE      	BRA         L_FloatToStr82
L_FloatToStr83:
;__Lib_Conversions.c,525 :: 		
0x074A	0x0EFF      	MOVLW       255
0x074C	0x156B      	ANDWF       FloatToStr_un_L0, 0, 1
0x074E	0x6E08      	MOVWF       R8 
0x0750	0x0EFF      	MOVLW       255
0x0752	0x156C      	ANDWF       FloatToStr_un_L0+1, 0, 1
0x0754	0x6E09      	MOVWF       R9 
0x0756	0x0E7F      	MOVLW       127
0x0758	0x156D      	ANDWF       FloatToStr_un_L0+2, 0, 1
0x075A	0x6E0A      	MOVWF       R10 
0x075C	0x0E00      	MOVLW       0
0x075E	0x156E      	ANDWF       FloatToStr_un_L0+3, 0, 1
0x0760	0x6E0B      	MOVWF       R11 
;__Lib_Conversions.c,526 :: 		
0x0762	0xF004C008  	MOVFF       R8, R4
0x0766	0xF005C009  	MOVFF       R9, R5
0x076A	0xF006C00A  	MOVFF       R10, R6
0x076E	0xF007C00B  	MOVFF       R11, R7
0x0772	0x3604      	RLCF        R4, 1 
0x0774	0x9004      	BCF         R4, 0 
0x0776	0x3605      	RLCF        R5, 1 
0x0778	0x3606      	RLCF        R6, 1 
0x077A	0x3607      	RLCF        R7, 1 
;__Lib_Conversions.c,527 :: 		
0x077C	0x0E00      	MOVLW       0
0x077E	0x156B      	ANDWF       FloatToStr_un_L0, 0, 1
0x0780	0x6E00      	MOVWF       R0 
0x0782	0x0E00      	MOVLW       0
0x0784	0x156C      	ANDWF       FloatToStr_un_L0+1, 0, 1
0x0786	0x6E01      	MOVWF       R1 
0x0788	0x0E00      	MOVLW       0
0x078A	0x156D      	ANDWF       FloatToStr_un_L0+2, 0, 1
0x078C	0x6E02      	MOVWF       R2 
0x078E	0x0EFF      	MOVLW       255
0x0790	0x156E      	ANDWF       FloatToStr_un_L0+3, 0, 1
0x0792	0x6E03      	MOVWF       R3 
0x0794	0xF06BC000  	MOVFF       R0, FloatToStr_un_L0
0x0798	0xF06CC001  	MOVFF       R1, FloatToStr_un_L0+1
0x079C	0xF06DC002  	MOVFF       R2, FloatToStr_un_L0+2
0x07A0	0xF06EC003  	MOVFF       R3, FloatToStr_un_L0+3
;__Lib_Conversions.c,528 :: 		
0x07A4	0x5004      	MOVF        R4, 0 
0x07A6	0x116B      	IORWF       FloatToStr_un_L0, 0, 1
0x07A8	0x6E00      	MOVWF       R0 
0x07AA	0x5005      	MOVF        R5, 0 
0x07AC	0x116C      	IORWF       FloatToStr_un_L0+1, 0, 1
0x07AE	0x6E01      	MOVWF       R1 
0x07B0	0x5006      	MOVF        R6, 0 
0x07B2	0x116D      	IORWF       FloatToStr_un_L0+2, 0, 1
0x07B4	0x6E02      	MOVWF       R2 
0x07B6	0x5007      	MOVF        R7, 0 
0x07B8	0x116E      	IORWF       FloatToStr_un_L0+3, 0, 1
0x07BA	0x6E03      	MOVWF       R3 
0x07BC	0xF06BC000  	MOVFF       R0, FloatToStr_un_L0
0x07C0	0xF06CC001  	MOVFF       R1, FloatToStr_un_L0+1
0x07C4	0xF06DC002  	MOVFF       R2, FloatToStr_un_L0+2
0x07C8	0xF06EC003  	MOVFF       R3, FloatToStr_un_L0+3
;__Lib_Conversions.c,530 :: 		
0x07CC	0x0E7F      	MOVLW       127
0x07CE	0x5D6E      	SUBWF       FloatToStr_un_L0+3, 0, 1
0x07D0	0x6E00      	MOVWF       R0 
0x07D2	0xF05FC000  	MOVFF       R0, FloatToStr_d_L0
;__Lib_Conversions.c,533 :: 		
0x07D6	0x0E01      	MOVLW       1
0x07D8	0x6F6E      	MOVWF       FloatToStr_un_L0+3, 1
;__Lib_Conversions.c,534 :: 		
0x07DA	0xF004C000  	MOVFF       R0, R4
0x07DE	0xF000C06B  	MOVFF       FloatToStr_un_L0, R0
0x07E2	0xF001C06C  	MOVFF       FloatToStr_un_L0+1, R1
0x07E6	0xF002C06D  	MOVFF       FloatToStr_un_L0+2, R2
0x07EA	0xF003C06E  	MOVFF       FloatToStr_un_L0+3, R3
0x07EE	0x5004      	MOVF        R4, 0 
L__FloatToStr148:
0x07F0	0xE007      	BZ          L__FloatToStr149
0x07F2	0x3600      	RLCF        R0, 1 
0x07F4	0x9000      	BCF         R0, 0 
0x07F6	0x3601      	RLCF        R1, 1 
0x07F8	0x3602      	RLCF        R2, 1 
0x07FA	0x3603      	RLCF        R3, 1 
0x07FC	0x0FFF      	ADDLW       255
0x07FE	0xD7F8      	BRA         L__FloatToStr148
L__FloatToStr149:
0x0800	0xF06BC000  	MOVFF       R0, FloatToStr_un_L0
0x0804	0xF06CC001  	MOVFF       R1, FloatToStr_un_L0+1
0x0808	0xF06DC002  	MOVFF       R2, FloatToStr_un_L0+2
0x080C	0xF06EC003  	MOVFF       R3, FloatToStr_un_L0+3
;__Lib_Conversions.c,535 :: 		
0x0810	0xFFE1C069  	MOVFF       FARG_FloatToStr_str, FSR1L
0x0814	0xFFE2C06A  	MOVFF       FARG_FloatToStr_str+1, FSR1H
0x0818	0x516E      	MOVF        FloatToStr_un_L0+3, 0, 1
0x081A	0x0F30      	ADDLW       48
0x081C	0x6EE6      	MOVWF       POSTINC1 
0x081E	0x4B69      	INFSNZ      FARG_FloatToStr_str, 1, 1
0x0820	0x2B6A      	INCF        FARG_FloatToStr_str+1, 1, 1
;__Lib_Conversions.c,536 :: 		
0x0822	0x0E80      	MOVLW       128
0x0824	0x196F      	XORWF       FloatToStr_dexpon_L0, 0, 1
0x0826	0x6E00      	MOVWF       R0 
0x0828	0x0E80      	MOVLW       128
0x082A	0x0A01      	XORLW       1
0x082C	0x5C00      	SUBWF       R0, 0 
0x082E	0xE308      	BNC         L__FloatToStr100
0x0830	0x0E80      	MOVLW       128
0x0832	0x0A06      	XORLW       6
0x0834	0x6E00      	MOVWF       R0 
0x0836	0x0E80      	MOVLW       128
0x0838	0x196F      	XORWF       FloatToStr_dexpon_L0, 0, 1
0x083A	0x5C00      	SUBWF       R0, 0 
0x083C	0xE301      	BNC         L__FloatToStr100
0x083E	0xD00A      	BRA         L_FloatToStr86
L__FloatToStr100:
;__Lib_Conversions.c,537 :: 		
0x0840	0xFFE1C069  	MOVFF       FARG_FloatToStr_str, FSR1L
0x0844	0xFFE2C06A  	MOVFF       FARG_FloatToStr_str+1, FSR1H
0x0848	0x0E2E      	MOVLW       46
0x084A	0x6EE6      	MOVWF       POSTINC1 
0x084C	0x4B69      	INFSNZ      FARG_FloatToStr_str, 1, 1
0x084E	0x2B6A      	INCF        FARG_FloatToStr_str+1, 1, 1
;__Lib_Conversions.c,538 :: 		
0x0850	0x0E01      	MOVLW       1
0x0852	0x6F60      	MOVWF       FloatToStr_bpoint_L0, 1
;__Lib_Conversions.c,539 :: 		
L_FloatToStr86:
;__Lib_Conversions.c,540 :: 		
0x0854	0x0E06      	MOVLW       6
0x0856	0x6E5F      	MOVWF       FloatToStr_d_L0 
L_FloatToStr87:
0x0858	0x505F      	MOVF        FloatToStr_d_L0, 0 
0x085A	0x0A00      	XORLW       0
0x085C	0xE054      	BZ          L_FloatToStr88
;__Lib_Conversions.c,541 :: 		
0x085E	0x6B6E      	CLRF        FloatToStr_un_L0+3, 1
;__Lib_Conversions.c,542 :: 		
0x0860	0xF000C06B  	MOVFF       FloatToStr_un_L0, R0
0x0864	0xF001C06C  	MOVFF       FloatToStr_un_L0+1, R1
0x0868	0xF002C06D  	MOVFF       FloatToStr_un_L0+2, R2
0x086C	0xF003C06E  	MOVFF       FloatToStr_un_L0+3, R3
0x0870	0x3600      	RLCF        R0, 1 
0x0872	0x9000      	BCF         R0, 0 
0x0874	0x3601      	RLCF        R1, 1 
0x0876	0x3602      	RLCF        R2, 1 
0x0878	0x3603      	RLCF        R3, 1 
0x087A	0x3600      	RLCF        R0, 1 
0x087C	0x9000      	BCF         R0, 0 
0x087E	0x3601      	RLCF        R1, 1 
0x0880	0x3602      	RLCF        R2, 1 
0x0882	0x3603      	RLCF        R3, 1 
0x0884	0x516B      	MOVF        FloatToStr_un_L0, 0, 1
0x0886	0x2600      	ADDWF       R0, 1 
0x0888	0x516C      	MOVF        FloatToStr_un_L0+1, 0, 1
0x088A	0x2201      	ADDWFC      R1, 1 
0x088C	0x516D      	MOVF        FloatToStr_un_L0+2, 0, 1
0x088E	0x2202      	ADDWFC      R2, 1 
0x0890	0x516E      	MOVF        FloatToStr_un_L0+3, 0, 1
0x0892	0x2203      	ADDWFC      R3, 1 
0x0894	0xF06BC000  	MOVFF       R0, FloatToStr_un_L0
0x0898	0xF06CC001  	MOVFF       R1, FloatToStr_un_L0+1
0x089C	0xF06DC002  	MOVFF       R2, FloatToStr_un_L0+2
0x08A0	0xF06EC003  	MOVFF       R3, FloatToStr_un_L0+3
;__Lib_Conversions.c,543 :: 		
0x08A4	0xF000C06B  	MOVFF       FloatToStr_un_L0, R0
0x08A8	0xF001C06C  	MOVFF       FloatToStr_un_L0+1, R1
0x08AC	0xF002C06D  	MOVFF       FloatToStr_un_L0+2, R2
0x08B0	0xF003C06E  	MOVFF       FloatToStr_un_L0+3, R3
0x08B4	0x3600      	RLCF        R0, 1 
0x08B6	0x9000      	BCF         R0, 0 
0x08B8	0x3601      	RLCF        R1, 1 
0x08BA	0x3602      	RLCF        R2, 1 
0x08BC	0x3603      	RLCF        R3, 1 
0x08BE	0xF06BC000  	MOVFF       R0, FloatToStr_un_L0
0x08C2	0xF06CC001  	MOVFF       R1, FloatToStr_un_L0+1
0x08C6	0xF06DC002  	MOVFF       R2, FloatToStr_un_L0+2
0x08CA	0xF06EC003  	MOVFF       R3, FloatToStr_un_L0+3
;__Lib_Conversions.c,544 :: 		
0x08CE	0xFFE1C069  	MOVFF       FARG_FloatToStr_str, FSR1L
0x08D2	0xFFE2C06A  	MOVFF       FARG_FloatToStr_str+1, FSR1H
0x08D6	0x516E      	MOVF        FloatToStr_un_L0+3, 0, 1
0x08D8	0x0F30      	ADDLW       48
0x08DA	0x6EE6      	MOVWF       POSTINC1 
0x08DC	0x4B69      	INFSNZ      FARG_FloatToStr_str, 1, 1
0x08DE	0x2B6A      	INCF        FARG_FloatToStr_str+1, 1, 1
;__Lib_Conversions.c,545 :: 		
0x08E0	0x5160      	MOVF        FloatToStr_bpoint_L0, 0, 1
0x08E2	0x0A00      	XORLW       0
0x08E4	0xE10E      	BNZ         L_FloatToStr90
;__Lib_Conversions.c,546 :: 		
0x08E6	0x076F      	DECF        FloatToStr_dexpon_L0, 1, 1
0x08E8	0x516F      	MOVF        FloatToStr_dexpon_L0, 0, 1
0x08EA	0x0A00      	XORLW       0
0x08EC	0xE10A      	BNZ         L_FloatToStr91
;__Lib_Conversions.c,547 :: 		
0x08EE	0xFFE1C069  	MOVFF       FARG_FloatToStr_str, FSR1L
0x08F2	0xFFE2C06A  	MOVFF       FARG_FloatToStr_str+1, FSR1H
0x08F6	0x0E2E      	MOVLW       46
0x08F8	0x6EE6      	MOVWF       POSTINC1 
0x08FA	0x4B69      	INFSNZ      FARG_FloatToStr_str, 1, 1
0x08FC	0x2B6A      	INCF        FARG_FloatToStr_str+1, 1, 1
;__Lib_Conversions.c,548 :: 		
0x08FE	0x0E01      	MOVLW       1
0x0900	0x6F60      	MOVWF       FloatToStr_bpoint_L0, 1
;__Lib_Conversions.c,549 :: 		
L_FloatToStr91:
L_FloatToStr90:
;__Lib_Conversions.c,540 :: 		
0x0902	0x065F      	DECF        FloatToStr_d_L0, 1 
;__Lib_Conversions.c,550 :: 		
0x0904	0xD7A9      	BRA         L_FloatToStr87
L_FloatToStr88:
;__Lib_Conversions.c,551 :: 		
L_FloatToStr92:
0x0906	0x0EFF      	MOVLW       255
0x0908	0x2569      	ADDWF       FARG_FloatToStr_str, 0, 1
0x090A	0x6EE9      	MOVWF       FSR0L 
0x090C	0x0EFF      	MOVLW       255
0x090E	0x216A      	ADDWFC      FARG_FloatToStr_str+1, 0, 1
0x0910	0x6EEA      	MOVWF       FSR0H 
0x0912	0x50EE      	MOVF        POSTINC0, 0 
0x0914	0x0A30      	XORLW       48
0x0916	0xE105      	BNZ         L_FloatToStr93
;__Lib_Conversions.c,552 :: 		
0x0918	0x0E01      	MOVLW       1
0x091A	0x5F69      	SUBWF       FARG_FloatToStr_str, 1, 1
0x091C	0x0E00      	MOVLW       0
0x091E	0x5B6A      	SUBWFB      FARG_FloatToStr_str+1, 1, 1
0x0920	0xD7F2      	BRA         L_FloatToStr92
L_FloatToStr93:
;__Lib_Conversions.c,553 :: 		
0x0922	0x0EFF      	MOVLW       255
0x0924	0x2569      	ADDWF       FARG_FloatToStr_str, 0, 1
0x0926	0x6EE9      	MOVWF       FSR0L 
0x0928	0x0EFF      	MOVLW       255
0x092A	0x216A      	ADDWFC      FARG_FloatToStr_str+1, 0, 1
0x092C	0x6EEA      	MOVWF       FSR0H 
0x092E	0x50EE      	MOVF        POSTINC0, 0 
0x0930	0x0A2E      	XORLW       46
0x0932	0xE104      	BNZ         L_FloatToStr94
;__Lib_Conversions.c,554 :: 		
0x0934	0x0E01      	MOVLW       1
0x0936	0x5F69      	SUBWF       FARG_FloatToStr_str, 1, 1
0x0938	0x0E00      	MOVLW       0
0x093A	0x5B6A      	SUBWFB      FARG_FloatToStr_str+1, 1, 1
L_FloatToStr94:
;__Lib_Conversions.c,555 :: 		
0x093C	0x516F      	MOVF        FloatToStr_dexpon_L0, 0, 1
0x093E	0x0A00      	XORLW       0
0x0940	0xE03D      	BZ          L_FloatToStr95
;__Lib_Conversions.c,556 :: 		
0x0942	0xFFE1C069  	MOVFF       FARG_FloatToStr_str, FSR1L
0x0946	0xFFE2C06A  	MOVFF       FARG_FloatToStr_str+1, FSR1H
0x094A	0x0E65      	MOVLW       101
0x094C	0x6EE6      	MOVWF       POSTINC1 
0x094E	0x4B69      	INFSNZ      FARG_FloatToStr_str, 1, 1
0x0950	0x2B6A      	INCF        FARG_FloatToStr_str+1, 1, 1
;__Lib_Conversions.c,557 :: 		
0x0952	0x0E80      	MOVLW       128
0x0954	0x196F      	XORWF       FloatToStr_dexpon_L0, 0, 1
0x0956	0x6E00      	MOVWF       R0 
0x0958	0x0E80      	MOVLW       128
0x095A	0x0A00      	XORLW       0
0x095C	0x5C00      	SUBWF       R0, 0 
0x095E	0xE20B      	BC          L_FloatToStr96
;__Lib_Conversions.c,558 :: 		
0x0960	0xFFE1C069  	MOVFF       FARG_FloatToStr_str, FSR1L
0x0964	0xFFE2C06A  	MOVFF       FARG_FloatToStr_str+1, FSR1H
0x0968	0x0E2D      	MOVLW       45
0x096A	0x6EE6      	MOVWF       POSTINC1 
0x096C	0x4B69      	INFSNZ      FARG_FloatToStr_str, 1, 1
0x096E	0x2B6A      	INCF        FARG_FloatToStr_str+1, 1, 1
;__Lib_Conversions.c,559 :: 		
0x0970	0x516F      	MOVF        FloatToStr_dexpon_L0, 0, 1
0x0972	0x0800      	SUBLW       0
0x0974	0x6F6F      	MOVWF       FloatToStr_dexpon_L0, 1
;__Lib_Conversions.c,560 :: 		
L_FloatToStr96:
;__Lib_Conversions.c,561 :: 		
0x0976	0xF05FC06F  	MOVFF       FloatToStr_dexpon_L0, FloatToStr_d_L0
;__Lib_Conversions.c,562 :: 		
0x097A	0x516F      	MOVF        FloatToStr_dexpon_L0, 0, 1
0x097C	0x0809      	SUBLW       9
0x097E	0xE20E      	BC          L_FloatToStr97
;__Lib_Conversions.c,563 :: 		
0x0980	0x0E0A      	MOVLW       10
0x0982	0x6E04      	MOVWF       R4 
0x0984	0xF000C05F  	MOVFF       FloatToStr_d_L0, R0
0x0988	0xDD1C      	RCALL       _Div_8X8_U
0x098A	0xFFE1C069  	MOVFF       FARG_FloatToStr_str, FSR1L
0x098E	0xFFE2C06A  	MOVFF       FARG_FloatToStr_str+1, FSR1H
0x0992	0x5000      	MOVF        R0, 0 
0x0994	0x0F30      	ADDLW       48
0x0996	0x6EE6      	MOVWF       POSTINC1 
0x0998	0x4B69      	INFSNZ      FARG_FloatToStr_str, 1, 1
0x099A	0x2B6A      	INCF        FARG_FloatToStr_str+1, 1, 1
L_FloatToStr97:
;__Lib_Conversions.c,564 :: 		
0x099C	0x0E0A      	MOVLW       10
0x099E	0x6E04      	MOVWF       R4 
0x09A0	0xF000C05F  	MOVFF       FloatToStr_d_L0, R0
0x09A4	0xDD0E      	RCALL       _Div_8X8_U
0x09A6	0xF000C008  	MOVFF       R8, R0
0x09AA	0xFFE1C069  	MOVFF       FARG_FloatToStr_str, FSR1L
0x09AE	0xFFE2C06A  	MOVFF       FARG_FloatToStr_str+1, FSR1H
0x09B2	0x5000      	MOVF        R0, 0 
0x09B4	0x0F30      	ADDLW       48
0x09B6	0x6EE6      	MOVWF       POSTINC1 
0x09B8	0x4B69      	INFSNZ      FARG_FloatToStr_str, 1, 1
0x09BA	0x2B6A      	INCF        FARG_FloatToStr_str+1, 1, 1
;__Lib_Conversions.c,565 :: 		
L_FloatToStr95:
;__Lib_Conversions.c,566 :: 		
0x09BC	0xFFE1C069  	MOVFF       FARG_FloatToStr_str, FSR1L
0x09C0	0xFFE2C06A  	MOVFF       FARG_FloatToStr_str+1, FSR1H
0x09C4	0x6AE6      	CLRF        POSTINC1 
;__Lib_Conversions.c,567 :: 		
0x09C6	0x6A00      	CLRF        R0 
;__Lib_Conversions.c,568 :: 		
L_end_FloatToStr:
0x09C8	0x0012      	RETURN      0
; end of _FloatToStr
_ADC_Read:
;__Lib_ADC_A_D.c,35 :: 		
;__Lib_ADC_A_D.c,38 :: 		
0x09CA	0x6AC2      	CLRF        ADCON0 
;__Lib_ADC_A_D.c,39 :: 		
0x09CC	0x0E07      	MOVLW       7
0x09CE	0x12C0      	IORWF       ADCON2, 1 
;__Lib_ADC_A_D.c,40 :: 		
0x09D0	0x8EC0      	BSF         ADCON2, 7 
;__Lib_ADC_A_D.c,41 :: 		
0x09D2	0xF000C05E  	MOVFF       FARG_ADC_Read_channel, R0
0x09D6	0x3600      	RLCF        R0, 1 
0x09D8	0x9000      	BCF         R0, 0 
0x09DA	0x3600      	RLCF        R0, 1 
0x09DC	0x9000      	BCF         R0, 0 
0x09DE	0x5000      	MOVF        R0, 0 
0x09E0	0x12C2      	IORWF       ADCON0, 1 
;__Lib_ADC_A_D.c,42 :: 		
0x09E2	0x80C2      	BSF         ADCON0, 0 
;__Lib_ADC_A_D.c,43 :: 		
0x09E4	0xDCE8      	RCALL       _Delay_22us
;__Lib_ADC_A_D.c,44 :: 		
0x09E6	0x82C2      	BSF         ADCON0, 1 
;__Lib_ADC_A_D.c,45 :: 		
L_ADC_Read2:
0x09E8	0xA2C2      	BTFSS       ADCON0, 1 
0x09EA	0xD001      	BRA         L_ADC_Read3
;__Lib_ADC_A_D.c,46 :: 		
0x09EC	0xD7FD      	BRA         L_ADC_Read2
L_ADC_Read3:
;__Lib_ADC_A_D.c,47 :: 		
0x09EE	0xF001CFC4  	MOVFF       ADRESH, R1
0x09F2	0x6A00      	CLRF        R0 
;__Lib_ADC_A_D.c,48 :: 		
0x09F4	0x50C3      	MOVF        ADRESL, 0 
0x09F6	0x1200      	IORWF       R0, 1 
0x09F8	0x0E00      	MOVLW       0
0x09FA	0x1201      	IORWF       R1, 1 
;__Lib_ADC_A_D.c,49 :: 		
0x09FC	0x90C2      	BCF         ADCON0, 0 
;__Lib_ADC_A_D.c,51 :: 		
;__Lib_ADC_A_D.c,52 :: 		
L_end_ADC_Read:
0x09FE	0x0012      	RETURN      0
; end of _ADC_Read
_word2double:
;__Lib_MathDouble.c,2335 :: 		
;__Lib_MathDouble.c,2344 :: 		
0x0A00	0x5000      	MOVF        R0, 0, 0
;__Lib_MathDouble.c,2345 :: 		
0x0A02	0x6E08      	MOVWF       R8, 0
;__Lib_MathDouble.c,2346 :: 		
0x0A04	0x5001      	MOVF        R1, 0, 0
;__Lib_MathDouble.c,2347 :: 		
0x0A06	0x6E00      	MOVWF       R0, 0
;__Lib_MathDouble.c,2348 :: 		
0x0A08	0x6A01      	CLRF        R1, 0
;__Lib_MathDouble.c,2349 :: 		
0x0A0A	0x6A02      	CLRF        R2, 0
;__Lib_MathDouble.c,2350 :: 		
0x0A0C	0x6A03      	CLRF        R3, 0
;__Lib_MathDouble.c,2353 :: 		
0x0A0E	0x6A0B      	CLRF        R11, 0
;__Lib_MathDouble.c,2354 :: 		
0x0A10	0x6A0C      	CLRF        R12, 0
;__Lib_MathDouble.c,2356 :: 		
0x0A12	0x0E96      	MOVLW       150
;__Lib_MathDouble.c,2357 :: 		
0x0A14	0x6E03      	MOVWF       R3, 0
;__Lib_MathDouble.c,2358 :: 		
0x0A16	0x6A0A      	CLRF        R10, 0
;__Lib_MathDouble.c,2360 :: 		
0x0A18	0xF001C000  	MOVFF       R0, R1
;__Lib_MathDouble.c,2361 :: 		
0x0A1C	0xF000C008  	MOVFF       R8, R0
;__Lib_MathDouble.c,2362 :: 		
0x0A20	0x6A08      	CLRF        R8, 0
;__Lib_MathDouble.c,2363 :: 		
0x0A22	0x6A02      	CLRF        R2, 0
;__Lib_MathDouble.c,2365 :: 		
0x0A24	0xDC01      	RCALL       _NRM3232
;__Lib_MathDouble.c,2366 :: 		
L_end_word2double:
0x0A26	0x0012      	RETURN      0
; end of _word2double
_main:
0x0A28	0xF005ECB6  	CALL        2924, 0
;Temputure.c,26 :: 		void main(){
;Temputure.c,28 :: 		ADCON1 = 0b00001110;  // Configure RA0 as analog input, rest as digital
0x0A2C	0x0E0E      	MOVLW       14
0x0A2E	0x6EC1      	MOVWF       ADCON1 
;Temputure.c,29 :: 		TRISA.RA0 = 1;        // Set RA0 pin as input (to receive sensor signal)
0x0A30	0x8092      	BSF         TRISA, 0 
;Temputure.c,30 :: 		TRISB = 0b00000000;   // Set all PORTB pins as output (for LCD)
0x0A32	0x6A93      	CLRF        TRISB 
;Temputure.c,31 :: 		PORTB = 0;            // Initialize all PORTB pins to LOW (0)
0x0A34	0x6A81      	CLRF        PORTB 
;Temputure.c,33 :: 		ADC_Init();           // Initialize the ADC module
0x0A36	0xDCDA      	RCALL       _ADC_Init
;Temputure.c,34 :: 		Lcd_Init();           // Initialize the LCD module
0x0A38	0xDD2F      	RCALL       _Lcd_Init
;Temputure.c,35 :: 		Lcd_Cmd(_LCD_CLEAR);       // Clear the LCD screen
0x0A3A	0x0E01      	MOVLW       1
0x0A3C	0x6F74      	MOVWF       FARG_Lcd_Cmd_out_char, 1
0x0A3E	0xF000EC32  	CALL        _Lcd_Cmd, 0
;Temputure.c,36 :: 		Lcd_Cmd(_LCD_CURSOR_OFF);  // Turn off the cursor on LCD
0x0A42	0x0E0C      	MOVLW       12
0x0A44	0x6F74      	MOVWF       FARG_Lcd_Cmd_out_char, 1
0x0A46	0xF000EC32  	CALL        _Lcd_Cmd, 0
;Temputure.c,39 :: 		Lcd_Out(1, 1, "Hello World");  // Print "Hello World" on row 1, column 1
0x0A4A	0x0E01      	MOVLW       1
0x0A4C	0x6F65      	MOVWF       FARG_Lcd_Out_row, 1
0x0A4E	0x0E01      	MOVLW       1
0x0A50	0x6F66      	MOVWF       FARG_Lcd_Out_column, 1
0x0A52	0x0E24      	MOVLW       ?lstr1_Temputure
0x0A54	0x6F67      	MOVWF       FARG_Lcd_Out_text, 1
0x0A56	0x0E00      	MOVLW       hi_addr(?lstr1_Temputure)
0x0A58	0x6F68      	MOVWF       FARG_Lcd_Out_text+1, 1
0x0A5A	0xDCDF      	RCALL       _Lcd_Out
;Temputure.c,40 :: 		Lcd_Out(2, 1, "LCD Display");  // Print "LCD Display" on row 2, column 1
0x0A5C	0x0E02      	MOVLW       2
0x0A5E	0x6F65      	MOVWF       FARG_Lcd_Out_row, 1
0x0A60	0x0E01      	MOVLW       1
0x0A62	0x6F66      	MOVWF       FARG_Lcd_Out_column, 1
0x0A64	0x0E30      	MOVLW       ?lstr2_Temputure
0x0A66	0x6F67      	MOVWF       FARG_Lcd_Out_text, 1
0x0A68	0x0E00      	MOVLW       hi_addr(?lstr2_Temputure)
0x0A6A	0x6F68      	MOVWF       FARG_Lcd_Out_text+1, 1
0x0A6C	0xDCD6      	RCALL       _Lcd_Out
;Temputure.c,41 :: 		delay_ms(300);                 // Wait 300ms so user can read the message
0x0A6E	0x0E04      	MOVLW       4
0x0A70	0x6E0B      	MOVWF       R11, 0
0x0A72	0x0E0C      	MOVLW       12
0x0A74	0x6E0C      	MOVWF       R12, 0
0x0A76	0x0E33      	MOVLW       51
0x0A78	0x6E0D      	MOVWF       R13, 0
L_main0:
0x0A7A	0x2E0D      	DECFSZ      R13, 1, 0
0x0A7C	0xD7FE      	BRA         L_main0
0x0A7E	0x2E0C      	DECFSZ      R12, 1, 0
0x0A80	0xD7FC      	BRA         L_main0
0x0A82	0x2E0B      	DECFSZ      R11, 1, 0
0x0A84	0xD7FA      	BRA         L_main0
0x0A86	0x0000      	NOP
0x0A88	0x0000      	NOP
;Temputure.c,42 :: 		Lcd_Cmd(_LCD_CLEAR);           // Clear the screen before main loop
0x0A8A	0x0E01      	MOVLW       1
0x0A8C	0x6F74      	MOVWF       FARG_Lcd_Cmd_out_char, 1
0x0A8E	0xF000EC32  	CALL        _Lcd_Cmd, 0
;Temputure.c,44 :: 		while(1){  // Infinite loop - keep reading and displaying temperature
L_main1:
;Temputure.c,46 :: 		value = ADC_Read(0);
0x0A92	0x6A5E      	CLRF        FARG_ADC_Read_channel 
0x0A94	0xDF9A      	RCALL       _ADC_Read
0x0A96	0xF05BC000  	MOVFF       R0, _value
0x0A9A	0xF05CC001  	MOVFF       R1, _value+1
;Temputure.c,50 :: 		temp = (value * 0.48876);
0x0A9E	0xDFB0      	RCALL       _word2double
0x0AA0	0x0EC0      	MOVLW       192
0x0AA2	0x6E04      	MOVWF       R4 
0x0AA4	0x0E3E      	MOVLW       62
0x0AA6	0x6E05      	MOVWF       R5 
0x0AA8	0x0E7A      	MOVLW       122
0x0AAA	0x6E06      	MOVWF       R6 
0x0AAC	0x0E7D      	MOVLW       125
0x0AAE	0x6E07      	MOVWF       R7 
0x0AB0	0xF000EC84  	CALL        _Mul_32x32_FP, 0
0x0AB4	0xF048C000  	MOVFF       R0, _temp
0x0AB8	0xF049C001  	MOVFF       R1, _temp+1
0x0ABC	0xF04AC002  	MOVFF       R2, _temp+2
0x0AC0	0xF04BC003  	MOVFF       R3, _temp+3
;Temputure.c,55 :: 		Lcd_Out(1, 1, "Temperature = ");
0x0AC4	0x0E01      	MOVLW       1
0x0AC6	0x0100      	MOVLB       0
0x0AC8	0x6F65      	MOVWF       FARG_Lcd_Out_row, 1
0x0ACA	0x0E01      	MOVLW       1
0x0ACC	0x6F66      	MOVWF       FARG_Lcd_Out_column, 1
0x0ACE	0x0E15      	MOVLW       ?lstr3_Temputure
0x0AD0	0x6F67      	MOVWF       FARG_Lcd_Out_text, 1
0x0AD2	0x0E00      	MOVLW       hi_addr(?lstr3_Temputure)
0x0AD4	0x6F68      	MOVWF       FARG_Lcd_Out_text+1, 1
0x0AD6	0xDCA1      	RCALL       _Lcd_Out
;Temputure.c,58 :: 		FloatToStr(temp, temp_string);
0x0AD8	0xF065C048  	MOVFF       _temp, FARG_FloatToStr_fnum
0x0ADC	0xF066C049  	MOVFF       _temp+1, FARG_FloatToStr_fnum+1
0x0AE0	0xF067C04A  	MOVFF       _temp+2, FARG_FloatToStr_fnum+2
0x0AE4	0xF068C04B  	MOVFF       _temp+3, FARG_FloatToStr_fnum+3
0x0AE8	0x0E4C      	MOVLW       _temp_string
0x0AEA	0x6F69      	MOVWF       FARG_FloatToStr_str, 1
0x0AEC	0x0E00      	MOVLW       hi_addr(_temp_string)
0x0AEE	0x6F6A      	MOVWF       FARG_FloatToStr_str+1, 1
0x0AF0	0xDD63      	RCALL       _FloatToStr
;Temputure.c,62 :: 		Lcd_Out(2, 1, temp_string);
0x0AF2	0x0E02      	MOVLW       2
0x0AF4	0x6F65      	MOVWF       FARG_Lcd_Out_row, 1
0x0AF6	0x0E01      	MOVLW       1
0x0AF8	0x6F66      	MOVWF       FARG_Lcd_Out_column, 1
0x0AFA	0x0E4C      	MOVLW       _temp_string
0x0AFC	0x6F67      	MOVWF       FARG_Lcd_Out_text, 1
0x0AFE	0x0E00      	MOVLW       hi_addr(_temp_string)
0x0B00	0x6F68      	MOVWF       FARG_Lcd_Out_text+1, 1
0x0B02	0xDC8B      	RCALL       _Lcd_Out
;Temputure.c,65 :: 		Lcd_Chr(2, 9, 223);
0x0B04	0x0E02      	MOVLW       2
0x0B06	0x6F65      	MOVWF       FARG_Lcd_Chr_row, 1
0x0B08	0x0E09      	MOVLW       9
0x0B0A	0x6F66      	MOVWF       FARG_Lcd_Chr_column, 1
0x0B0C	0x0EDF      	MOVLW       223
0x0B0E	0x6F67      	MOVWF       FARG_Lcd_Chr_out_char, 1
0x0B10	0xDD0E      	RCALL       _Lcd_Chr
;Temputure.c,69 :: 		Lcd_Out_Cp("C");
0x0B12	0x0E42      	MOVLW       ?lstr4_Temputure
0x0B14	0x6E5E      	MOVWF       FARG_Lcd_Out_CP_text 
0x0B16	0x0E00      	MOVLW       hi_addr(?lstr4_Temputure)
0x0B18	0x6E5F      	MOVWF       FARG_Lcd_Out_CP_text+1 
0x0B1A	0xDD38      	RCALL       _Lcd_Out_CP
;Temputure.c,72 :: 		delay_ms(200);
0x0B1C	0x0E03      	MOVLW       3
0x0B1E	0x6E0B      	MOVWF       R11, 0
0x0B20	0x0E08      	MOVLW       8
0x0B22	0x6E0C      	MOVWF       R12, 0
0x0B24	0x0E77      	MOVLW       119
0x0B26	0x6E0D      	MOVWF       R13, 0
L_main3:
0x0B28	0x2E0D      	DECFSZ      R13, 1, 0
0x0B2A	0xD7FE      	BRA         L_main3
0x0B2C	0x2E0C      	DECFSZ      R12, 1, 0
0x0B2E	0xD7FC      	BRA         L_main3
0x0B30	0x2E0B      	DECFSZ      R11, 1, 0
0x0B32	0xD7FA      	BRA         L_main3
;Temputure.c,75 :: 		}
0x0B34	0xD7AE      	BRA         L_main1
;Temputure.c,76 :: 		}
L_end_main:
0x0B36	0xD7FF      	BRA         $+0
; end of _main
0x0B6C	0xF015EE10  	LFSR        1, 21
0x0B70	0x0E33      	MOVLW       51
0x0B72	0x6E00      	MOVWF       R0 
0x0B74	0x0E01      	MOVLW       1
0x0B76	0x6E01      	MOVWF       R1 
0x0B78	0x0E38      	MOVLW       56
0x0B7A	0x6EF6      	MOVWF       4086 
0x0B7C	0x0E0B      	MOVLW       11
0x0B7E	0x6EF7      	MOVWF       TBLPTRH 
0x0B80	0x0E00      	MOVLW       0
0x0B82	0x6EF8      	MOVWF       TBLPTRU 
0x0B84	0xF002EC05  	CALL        1034, 0
0x0B88	0x0012      	RETURN      0
;Temputure.c,0 :: ?ICS?lstr3_Temputure
0x0B38	0x6554 ;?ICS?lstr3_Temputure+0
0x0B3A	0x706D ;?ICS?lstr3_Temputure+2
0x0B3C	0x7265 ;?ICS?lstr3_Temputure+4
0x0B3E	0x7461 ;?ICS?lstr3_Temputure+6
0x0B40	0x7275 ;?ICS?lstr3_Temputure+8
0x0B42	0x2065 ;?ICS?lstr3_Temputure+10
0x0B44	0x203D ;?ICS?lstr3_Temputure+12
0x0B46	0x00 ;?ICS?lstr3_Temputure+14
; end of ?ICS?lstr3_Temputure
;Temputure.c,0 :: ?ICS?lstr1_Temputure
0x0B47	0x6548 ;?ICS?lstr1_Temputure+0
0x0B49	0x6C6C ;?ICS?lstr1_Temputure+2
0x0B4B	0x206F ;?ICS?lstr1_Temputure+4
0x0B4D	0x6F57 ;?ICS?lstr1_Temputure+6
0x0B4F	0x6C72 ;?ICS?lstr1_Temputure+8
0x0B51	0x0064 ;?ICS?lstr1_Temputure+10
; end of ?ICS?lstr1_Temputure
;Temputure.c,0 :: ?ICS?lstr2_Temputure
0x0B53	0x434C ;?ICS?lstr2_Temputure+0
0x0B55	0x2044 ;?ICS?lstr2_Temputure+2
0x0B57	0x6944 ;?ICS?lstr2_Temputure+4
0x0B59	0x7073 ;?ICS?lstr2_Temputure+6
0x0B5B	0x616C ;?ICS?lstr2_Temputure+8
0x0B5D	0x0079 ;?ICS?lstr2_Temputure+10
; end of ?ICS?lstr2_Temputure
;__Lib_Conversions.c,0 :: ?ICS?lstr2___Lib_Conversions
0x0B5F	0x0030 ;?ICS?lstr2___Lib_Conversions+0
; end of ?ICS?lstr2___Lib_Conversions
;__Lib_Conversions.c,0 :: ?ICS?lstr3___Lib_Conversions
0x0B61	0x4E49 ;?ICS?lstr3___Lib_Conversions+0
0x0B63	0x0046 ;?ICS?lstr3___Lib_Conversions+2
; end of ?ICS?lstr3___Lib_Conversions
;Temputure.c,0 :: ?ICS?lstr4_Temputure
0x0B65	0x0043 ;?ICS?lstr4_Temputure+0
; end of ?ICS?lstr4_Temputure
;__Lib_Conversions.c,0 :: ?ICS?lstr1___Lib_Conversions
0x0B67	0x614E ;?ICS?lstr1___Lib_Conversions+0
0x0B69	0x004E ;?ICS?lstr1___Lib_Conversions+2
; end of ?ICS?lstr1___Lib_Conversions
Symbol List:
//** Routines locations **
//ADDRESS    SIZE    PROCEDURE
//----------------------------------------------
0x001C      [22]    _Delay_5500us
0x0032      [10]    _Delay_50us
0x003C       [6]    _Delay_1us
0x0042      [26]    _SETFUN32
0x005C       [8]    _FIXSIGN32
0x0064     [126]    _Lcd_Cmd
0x00E2      [14]    _RES032
0x00F0      [24]    _SETFOV32
0x0108     [288]    _Mul_32x32_FP
0x0228     [114]    _NRM3232
0x029A     [206]    _Compare_Double
0x0368      [78]    _strcpy
0x03B6      [12]    _Delay_22us
0x03C2      [30]    _Div_8X8_U
0x03E0      [12]    _Lcd_Chr_CP
0x03EC      [30]    _ADC_Init
0x040A      [16]    ___CC2DW
0x041A     [126]    _Lcd_Out
0x0498     [150]    _Lcd_Init
0x052E      [94]    _Lcd_Chr
0x058C      [44]    _Lcd_Out_CP
0x05B8    [1042]    _FloatToStr
0x09CA      [54]    _ADC_Read
0x0A00      [40]    _word2double
0x0A28     [272]    _main
//** Variables locations ** 
//ADDRESS    SIZE    VARIABLE
//----------------------------------------------
0x0000       [1]    EEPROM_Write_SaveINTCON_L0
0x0000       [1]    __Lib_SoftI2C_PutZerosToLATScl_temp_scl_L0
0x0000       [1]    R0
0x0000       [1]    __Lib_SoftI2C_PutZerosToLATSda_temp_sda_L0
0x0000       [1]    SPI1_Write_tmp_L0
0x0000       [1]    UART1_Init_tmp_L0
0x0000       [1]    FLASH_Erase_64_SaveINTCON_L0
0x0001       [1]    __Lib_TFT_16bit_JPEG_FileReadBytes_Result_L0
0x0001       [1]    UART1_Read___tmp_UART1_Read_L0
0x0001       [1]    __Lib_TFT_16bit_JPEG_FileRead_i_L0
0x0001       [1]    __Lib_USB_genHID_?FLOC____Lib_USB_genHID_USB_Handle_BusyT1
0x0001       [1]    R1
0x0001       [1]    FLASH_Write_32_i_L0
0x0001       [1]    ispunct_rslt_L0
0x0001       [1]    __Lib_PS2_Wait_Falling_nsample_L0
0x0001       [1]    __Lib_TFT_JPEG_FileRead_i_L0
0x0001       [1]    FLASH_Erase_Write_64_i_L0
0x0001       [2]    FLASH_Read_N_Bytes_i_L0
0x0001       [1]    __Lib_TFT_JPEG_FileReadBytes_Result_L0
0x0001       [1]    I2C1_Rd_tmp_L0
0x0002       [2]    memset_pp_L0
0x0002       [1]    __Lib_USB_genHID_USB_CtrlTrf_Rx_Service_byteToRead_L0
0x0002       [2]    memchr_s_L0
0x0002       [2]    memcpy_dd_L0
0x0002       [1]    FLASH_Erase_Write_64_j_L0
0x0002       [1]    FLASH_Write_32_SaveINTCON_L0
0x0002       [2]    strlen_cp_L0
0x0002       [1]    R2
0x0003       [1]    __Lib_Sprinti_?FLOC____Lib_Sprinti_Do_FillT29
0x0003       [2]    MM_TotalFreeMemSize_Tot_L0
0x0003       [1]    __Lib_USB_genHID_USB_CtrlTrf_Rx_Service_i_L0
0x0003       [2]    __Lib_MmcFat16_f16_toInt_l_L0
0x0003       [2]    __Lib_USB_genHID_USB_CtrlTrf_Tx_Service_byteToSend_L0
0x0003       [2]    Ltrim_original_L0
0x0003       [1]    MM_Init_i_L0
0x0003       [1]    R3
0x0003       [1]    FLASH_Erase_Write_64_SaveINTCON_L0
0x0003       [2]    memmove_tt_L0
0x0004       [1]    R4
0x0004       [2]    __Lib_USB_genHID_USB_Transfer_Packet_handle_L0
0x0004       [2]    strcat_cp_L0
0x0004       [2]    strcpy_cp_L0
0x0004       [2]    strncat_cp_L0
0x0004       [1]    __Lib_USB_genHID_GetMaxIndexInDevDsc_index_L0
0x0004       [1]    __Lib_Sprinti_?FLOC____Lib_Sprinti_Do_FillT40
0x0004       [2]    frexp_pom_L0
0x0004       [2]    strncpy_cp_L0
0x0004       [2]    __Lib_MemManager_MM_GetMemAlign_P_L0
0x0004       [2]    memcpy_ss_L0
0x0004       [2]    __Lib_USB_genHID_USB_Get_Status_Handler_p_L2
0x0004       [2]    __Lib_USB_genHID_USB_Std_Feature_Req_Handler_p_L0
0x0005       [2]    LongIntToHex_input_half_L0
0x0005       [2]    LongWordToHex_input_half_L0
0x0005       [1]    __Lib_Sprinti_?FLOC____Lib_Sprinti_Do_FillT54
0x0005       [2]    memmove_ff_L0
0x0005       [1]    R5
0x0005       [1]    MM_TotalFreeMemSize_i_L0
0x0005       [2]    __Lib_USB_genHID_USB_Configure_Endpoint_handle_L0
0x0005       [2]    Ltrim_p_L0
0x0006       [2]    __Lib_USB_genHID_GetMaxIndexInConfigDsc_totalLen_L0
0x0006       [1]    __Lib_Sprinti_?FLOC____Lib_Sprinti_Do_FillT69
0x0006       [1]    __Lib_MemManager_MM_GetMemAlign_i_L0
0x0006       [1]    R6
0x0007       [1]    __Lib_TFT_JPEG_GenerateHuffmanTables_bLength_L0
0x0007       [1]    __Lib_TFT_16bit_JPEG_GenerateHuffmanTables_bLength_L0
0x0007       [1]    R7
0x0008       [1]    R8
0x0008       [1]    __Lib_TFT_16bit_JPEG_GenerateHuffmanTables_bTable_L0
0x0008       [3]    __Lib_USB_genHID_GetMaxIndexInConfigDsc_ptr_L0
0x0008       [1]    __Lib_TFT_JPEG_GenerateHuffmanTables_bTable_L0
0x0009       [4]    __Lib_MmcFat16_f16_toLong_l_L0
0x0009       [1]    R9
0x000A       [1]    R10
0x000B       [1]    R11
0x000C       [1]    R12
0x000D       [1]    R13
0x000E       [1]    R14
0x000F       [1]    R15
0x0010       [1]    R16
0x0011       [1]    R17
0x0012       [1]    R18
0x0013       [1]    R19
0x0014       [1]    R20
0x0015      [15]    ?lstr3_Temputure
0x0024      [12]    ?lstr1_Temputure
0x0030      [12]    ?lstr2_Temputure
0x003C       [2]    ?lstr2___Lib_Conversions
0x003E       [4]    ?lstr3___Lib_Conversions
0x0042       [2]    ?lstr4_Temputure
0x0044       [4]    ?lstr1___Lib_Conversions
0x0048       [4]    _temp
0x004C      [15]    _temp_string
0x005B       [2]    _value
0x005D       [0]    __Lib_Lcd_cmd_status
0x005E       [1]    FARG_ADC_Read_channel
0x005E       [2]    FARG_Lcd_Out_CP_text
0x005E       [1]    FloatToStr_i_L0
0x005E       [1]    Lcd_Out_i_L0
0x005F       [1]    FloatToStr_d_L0
0x0060       [1]    Lcd_Out_CP_i_L0
0x0060       [1]    FloatToStr_bpoint_L0
0x0061       [4]    _ADC_Get_Sample_Ptr
0x0065       [4]    FARG_FloatToStr_fnum
0x0065       [1]    FARG_Lcd_Chr_row
0x0065       [1]    FARG_Lcd_Out_row
0x0066       [1]    FARG_Lcd_Chr_column
0x0066       [1]    FARG_Lcd_Out_column
0x0067       [2]    FARG_Lcd_Out_text
0x0067       [1]    FARG_Lcd_Chr_out_char
0x0069       [2]    FARG_FloatToStr_str
0x006B       [4]    FloatToStr_un_L0
0x006F       [1]    FloatToStr_dexpon_L0
0x0070       [2]    FARG_strcpy_to
0x0070       [1]    FARG_Lcd_Chr_CP_out_char
0x0072       [2]    FARG_strcpy_from
0x0074       [1]    FARG_Lcd_Cmd_out_char
0x0F81       [0]    RB0_bit
0x0F81       [0]    RB5_bit
0x0F81       [0]    RB4_bit
0x0F81       [0]    RB1_bit
0x0F81       [0]    RB2_bit
0x0F81       [0]    RB3_bit
0x0F81       [0]    LCD_D6
0x0F81       [0]    LCD_D7
0x0F81       [0]    LCD_EN
0x0F81       [0]    LCD_RS
0x0F81       [0]    LCD_D4
0x0F81       [0]    LCD_D5
0x0F81       [1]    PORTB
0x0F92       [1]    TRISA
0x0F93       [0]    TRISB5_bit
0x0F93       [0]    LCD_D5_Direction
0x0F93       [0]    LCD_D6_Direction
0x0F93       [0]    LCD_D7_Direction
0x0F93       [0]    TRISB1_bit
0x0F93       [0]    TRISB2_bit
0x0F93       [0]    TRISB3_bit
0x0F93       [1]    TRISB
0x0F93       [0]    TRISB4_bit
0x0F93       [0]    TRISB0_bit
0x0F93       [0]    LCD_D4_Direction
0x0F93       [0]    LCD_RS_Direction
0x0F93       [0]    LCD_EN_Direction
0x0FC0       [1]    ADCON2
0x0FC1       [1]    ADCON1
0x0FC2       [1]    ADCON0
0x0FC3       [1]    ADRESL
0x0FC4       [1]    ADRESH
0x0FD8       [1]    STATUS
0x0FD9       [1]    FSR2L
0x0FDA       [1]    FSR2H
0x0FDE       [1]    POSTINC2
0x0FE0       [1]    BSR
0x0FE1       [1]    FSR1L
0x0FE2       [1]    FSR1H
0x0FE4       [1]    PREINC1
0x0FE6       [1]    POSTINC1
0x0FE7       [1]    INDF1
0x0FE8       [1]    WREG
0x0FE9       [1]    FSR0L
0x0FEA       [1]    FSR0H
0x0FEE       [1]    POSTINC0
0x0FF3       [1]    PRODL
0x0FF4       [1]    PRODH
0x0FF5       [1]    TABLAT
0x0FF6       [1]    TBLPTRL
0x0FF7       [1]    TBLPTRH
0x0FF8       [1]    TBLPTRU
//** Constants locations ** 
//ADDRESS    SIZE    CONSTANT
//----------------------------------------------
0x0B38      [15]    ?ICS?lstr3_Temputure
0x0B47      [12]    ?ICS?lstr1_Temputure
0x0B53      [12]    ?ICS?lstr2_Temputure
0x0B5F       [2]    ?ICS?lstr2___Lib_Conversions
0x0B61       [4]    ?ICS?lstr3___Lib_Conversions
0x0B65       [2]    ?ICS?lstr4_Temputure
0x0B67       [4]    ?ICS?lstr1___Lib_Conversions
//** Label List: ** 
//----------------------------------------------
  L_main0
  L_main1
  L_main2
  L_main3
  L_end_main
  _main
  L_ADC_Get_Sample0
  L_ADC_Get_Sample1
  L_ADC_Read2
  L_ADC_Read3
  L_end_ADC_Init
  _ADC_Init
  L_end_ADC_Get_Sample
  _ADC_Get_Sample
  L_end_ADC_Read
  _ADC_Read
  L_ByteToStr0
  L_ByteToStr1
  L_ByteToStr2
  L_ByteToStr3
  L_ByteToStr4
  L_ByteToStr5
  L_WordToStr6
  L_WordToStr7
  L_WordToStr8
  L_WordToStr9
  L_WordToStr10
  L_WordToStr11
  L_WordToStrWithZeros12
  L_WordToStrWithZeros13
  L_WordToStrWithZeros14
  L_WordToStrWithZeros15
  L_WordToStrWithZeros16
  L_ShortToStr17
  L_ShortToStr18
  L_ShortToStr19
  L_ShortToStr20
  L_ShortToStr21
  L_ShortToStr22
  L_IntToStr23
  L_IntToStr24
  L_IntToStr25
  L_IntToStr26
  L_IntToStr27
  L_IntToStr28
  L_IntToStrWithZeros29
  L_IntToStrWithZeros30
  L_IntToStrWithZeros31
  L_IntToStrWithZeros32
  L_IntToStrWithZeros33
  L_IntToStrWithZeros34
  L_IntToStrWithZeros35
  L_IntToStrWithZeros36
  L_IntToStrWithZeros37
  L_LongWordToStr38
  L_LongWordToStr39
  L_LongWordToStr40
  L_LongWordToStr41
  L_LongWordToStr42
  L_LongWordToStr43
  L_LongWordToStrWithZeros44
  L_LongWordToStrWithZeros45
  L_LongWordToStrWithZeros46
  L_LongWordToStrWithZeros47
  L_LongWordToStrWithZeros48
  L_LongToStr49
  L_LongToStr50
  L_LongToStr51
  L_LongToStr52
  L_LongToStr53
  L_LongToStr54
  L_LongIntToStrWithZeros55
  L_LongIntToStrWithZeros56
  L_LongIntToStrWithZeros57
  L_LongIntToStrWithZeros58
  L_LongIntToStrWithZeros59
  L_LongIntToStrWithZeros60
  L_LongIntToStrWithZeros61
  L_LongIntToStrWithZeros62
  L_LongIntToStrWithZeros63
  L_Dec2Bcd64
  L_Dec2Bcd65
  L_Rtrim66
  L_Rtrim67
  L_Rtrim68
  L_Rtrim69
  L_Ltrim70
  L_Ltrim71
  L_Ltrim72
  L_Ltrim73
  L_Ltrim74
  L_Ltrim75
  L_FloatToStr76
  L_FloatToStr77
  L_FloatToStr78
  L_FloatToStr79
  L_FloatToStr80
  L_FloatToStr81
  L_FloatToStr82
  L_FloatToStr83
  L_FloatToStr84
  L_FloatToStr85
  L_FloatToStr86
  L_FloatToStr87
  L_FloatToStr88
  L_FloatToStr89
  L_FloatToStr90
  L_FloatToStr91
  L_FloatToStr92
  L_FloatToStr93
  L_FloatToStr94
  L_FloatToStr95
  L_FloatToStr96
  L_FloatToStr97
  L__Rtrim98
  L__Ltrim99
  L__FloatToStr100
  L_end_ByteToHex
  _ByteToHex
  L_end_ShortToHex
  _ShortToHex
  L_end_WordToHex
  _WordToHex
  L_end_IntToHex
  _IntToHex
  L_end_LongWordToHex
  _LongWordToHex
  L_end_LongIntToHex
  _LongIntToHex
  L_end_ByteToStr
  _ByteToStr
  L_end_WordToStr
  _WordToStr
  L__WordToStr109
  L_end_WordToStrWithZeros
  _WordToStrWithZeros
  L__WordToStrWithZeros111
  L_end_ShortToStr
  _ShortToStr
  L__ShortToStr113
  L_end_IntToStr
  _IntToStr
  L__IntToStr115
  L__IntToStr116
  L_end_IntToStrWithZeros
  _IntToStrWithZeros
  L__IntToStrWithZeros118
  L__IntToStrWithZeros119
  L__IntToStrWithZeros120
  L_end_LongWordToStr
  _LongWordToStr
  L__LongWordToStr122
  L__LongWordToStr123
  L_end_LongWordToStrWithZeros
  _LongWordToStrWithZeros
  L__LongWordToStrWithZeros125
  L_end_LongToStr
  _LongToStr
  L__LongToStr127
  L__LongToStr128
  L_end_LongIntToStrWithZeros
  _LongIntToStrWithZeros
  L__LongIntToStrWithZeros130
  L__LongIntToStrWithZeros131
  L__LongIntToStrWithZeros132
  L_end_Dec2Bcd
  _Dec2Bcd
  L_end_Bcd2Dec
  _Bcd2Dec
  L_end_Bcd2Dec16
  _Bcd2Dec16
  L__Bcd2Dec16136
  L__Bcd2Dec16137
  L_end_Dec2Bcd16
  _Dec2Bcd16
  L__Dec2Bcd16139
  L__Dec2Bcd16140
  L_end_Rtrim
  _Rtrim
  L__Rtrim142
  L_end_Ltrim
  _Ltrim
  L_end_FloatToStr
  _FloatToStr
  L__FloatToStr145
  L__FloatToStr146
  L__FloatToStr147
  L__FloatToStr148
  L__FloatToStr149
  L_memchr0
  L_memchr1
  L_memchr2
  L_memchr3
  L_memcmp4
  L_memcmp5
  L_memcmp6
  L_memcpy7
  L_memcpy8
  L_memmove9
  L_memmove10
  L_memmove11
  L_memmove12
  L_memmove13
  L_memmove14
  L_memmove15
  L_memmove16
  L_memmove17
  L_memmove18
  L_memmove19
  L_memset20
  L_memset21
  L_strcat22
  L_strcat23
  L_strcat24
  L_strcat25
  L_strchr26
  L_strchr27
  L_strchr28
  L_strchr29
  L_strcmp30
  L_strcmp31
  L_strcmp32
  L_strcmp33
  L_strcpy34
  L_strcpy35
  L_strlen36
  L_strlen37
  L_strncat38
  L_strncat39
  L_strncat40
  L_strncat41
  L_strncat42
  L_strncat43
  L_strncat44
  L_strncpy45
  L_strncpy46
  L_strncpy47
  L_strncpy48
  L_strncpy49
  L_strspn50
  L_strspn51
  L_strspn52
  L_strspn53
  L_strcspn54
  L_strcspn55
  L_strcspn56
  L_strcspn57
  L_strncmp58
  L_strncmp59
  L_strncmp60
  L_strncmp61
  L_strncmp62
  L_strpbrk63
  L_strpbrk64
  L_strpbrk65
  L_strrchr66
  L_strrchr67
  L_strrchr68
  L_strrchr69
  L_strstr70
  L_strstr71
  L_strstr72
  L_strstr73
  L_strstr74
  L_strtok75
  L_strtok76
  L_strtok77
  L_strtok78
  L_strtok79
  L__memmove80
  L__strcmp81
  L__strncat82
  L__strspn83
  L__strcspn84
  L__strncmp85
  L__strstr86
  L_end_memchr
  _memchr
  L_end_memcmp
  _memcmp
  L__memcmp89
  L_end_memcpy
  _memcpy
  L_end_memmove
  _memmove
  L__memmove92
  L__memmove93
  L_end_memset
  _memset
  L_end_strcat
  _strcat
  L_end_strchr
  _strchr
  L_end_strcmp
  _strcmp
  L_end_strcpy
  _strcpy
  L_end_strlen
  _strlen
  L_end_strncat
  _strncat
  L__strncat101
  L_end_strncpy
  _strncpy
  L_end_strspn
  _strspn
  L__strspn104
  L_end_strcspn
  _strcspn
  L__strcspn106
  L_end_strncmp
  _strncmp
  L_end_strpbrk
  _strpbrk
  L_end_strrchr
  _strrchr
  L__strrchr110
  L_end_strstr
  _strstr
  L__strstr112
  L__strstr113
  L_end_strtok
  _strtok
  L__strtok115
  L_Delay_10us0
  L_Delay_22us1
  L_Delay_50us2
  L_Delay_80us3
  L_Delay_500us4
  L_Delay_5500us5
  L_Delay_1ms6
  L_Delay_5ms7
  L_Delay_8ms8
  L_Delay_100ms9
  L_Delay_10ms10
  L_Delay_1sec11
  L____Boot_Delay4k12
  L____Boot_Delay8k13
  L____Boot_Delay12k14
  L____Boot_Delay16k15
  L____Boot_Delay24k16
  L____Boot_Delay32k17
  L____Boot_Delay48k18
  L____Boot_Delay64k19
  L____Boot_Delay128k20
  L_Delay_Cyc21
  L_Delay_Cyc22
  L_VDelay_ms23
  L_VDelay_ms24
  L_VDelay_ms25
  L_VDelay_Advanced_ms26
  L_VDelay_Advanced_ms27
  L_VDelay_Advanced_ms28
  L_end_Get_Fosc_kHz
  _Get_Fosc_kHz
  L_end_Delay_1us
  _Delay_1us
  L_end_Delay_10us
  _Delay_10us
  L_end_Delay_22us
  _Delay_22us
  L_end_Delay_50us
  _Delay_50us
  L_end_Delay_80us
  _Delay_80us
  L_end_Delay_500us
  _Delay_500us
  L_end_Delay_5500us
  _Delay_5500us
  L_end_Delay_1ms
  _Delay_1ms
  L_end_Delay_5ms
  _Delay_5ms
  L_end_Delay_8ms
  _Delay_8ms
  L_end_Delay_100ms
  _Delay_100ms
  L_end_Delay_10ms
  _Delay_10ms
  L_end_Delay_1sec
  _Delay_1sec
  L_end____Boot_Delay4k
  ____Boot_Delay4k
  L_end____Boot_Delay8k
  ____Boot_Delay8k
  L_end____Boot_Delay12k
  ____Boot_Delay12k
  L_end____Boot_Delay16k
  ____Boot_Delay16k
  L_end____Boot_Delay24k
  ____Boot_Delay24k
  L_end____Boot_Delay32k
  ____Boot_Delay32k
  L_end____Boot_Delay48k
  ____Boot_Delay48k
  L_end____Boot_Delay64k
  ____Boot_Delay64k
  L_end____Boot_Delay128k
  ____Boot_Delay128k
  L_end_Delay_Cyc
  _Delay_Cyc
  L_end_VDelay_ms
  _VDelay_ms
  L__VDelay_ms54
  L__VDelay_ms55
  L__VDelay_ms56
  L_end_VDelay_Advanced_ms
  _VDelay_Advanced_ms
  L__VDelay_Advanced_ms58
  L__VDelay_Advanced_ms59
  L__VDelay_Advanced_ms60
  L_Lcd_Cmd0
  L_Lcd_Cmd1
  L_Lcd_Out_CP2
  L_Lcd_Out_CP3
  L_Lcd_Chr4
  L_Lcd_Chr5
  L_Lcd_Chr6
  L_Lcd_Chr7
  L_Lcd_Chr8
  L_Lcd_Chr9
  L_Lcd_Chr10
  L_Lcd_Out11
  L_Lcd_Out12
  L_Lcd_Out13
  L_Lcd_Out14
  L_Lcd_Out15
  L_Lcd_Out16
  L_Lcd_Out17
  L_Lcd_Out18
  L_Lcd_Out19
  L_end_Lcd_Cmd
  _Lcd_Cmd
  L__Lcd_Cmd21
  L__Lcd_Cmd22
  L__Lcd_Cmd23
  L__Lcd_Cmd24
  L__Lcd_Cmd25
  L__Lcd_Cmd26
  L__Lcd_Cmd27
  L__Lcd_Cmd28
  L__Lcd_Cmd29
  L__Lcd_Cmd30
  L__Lcd_Cmd31
  L__Lcd_Cmd32
  L__Lcd_Cmd33
  L__Lcd_Cmd34
  L__Lcd_Cmd35
  L__Lcd_Cmd36
  L__Lcd_Cmd37
  L__Lcd_Cmd38
  L__Lcd_Cmd39
  L__Lcd_Cmd40
  L_end_Lcd_Chr_CP
  _Lcd_Chr_CP
  L_end_Lcd_Out_CP
  _Lcd_Out_CP
  L_end_Lcd_Chr
  _Lcd_Chr
  L_end_Lcd_Init
  _Lcd_Init
  L_end_Lcd_Out
  _Lcd_Out
  L_Div_16x16_S0
  L_Div_16x16_S1
  LOOPS3232A
  SADD22LA
  SOK22LA
  SADD22L8
  SOK22L8
  LOOPS3232B
  SADD22LB
  SOK22LB
  SADD22L16
  SOK22L16
  LOOPS3232C
  SADD22LC
  SOK22LC
  SADD22L24
  SOK22L24
  LOOPS3232D
  SADD22LD
  SOK22LD
  SOK22L
  L_Div_32x32_S6
  L_Div_32x32_S7
  L_Div_32x32_S8
  L_Div_32x32_S9
  FXD3232S
  END_ALL
  CA3232S
  C3232SX
  C3232SX1
  C3232S
  C3232S2
  C3232SX4
  C3232SOK
  C3232SX3
  C3232SX2
  avoid_comfrem
  LOOPU3232A
  UADD22LA
  UOK22LA
  UADD22L8
  UOK22L8
  LOOPU3232B
  UADD22LB
  UOK22LB
  UADD22L16
  UOK22L16
  LOOPU3232C
  UADD22LC
  UOK22LC
  UADD22L24
  UOK22L24
  LOOPU3232D
  UADD22LD
  UOK22LD
  UOK22L
  _NEXT
  _EXIT2
  _LOOP
  _EXIT1
  _IF_FIRST
  _IF_SECOND
  _INVERCE_FIRST
  _MULT
  _INBERSE_SECOND
  _EXIT
  L_end_Div_8X8_U
  _Div_8X8_U
  L_end_Div_16X16_U
  _Div_16X16_U
  L_end_Div_16x16_S_L
  _Div_16x16_S_L
  L_end_Div_16x16_S
  _Div_16x16_S
  L_end_Div_8X8_S
  _Div_8X8_S
  L_end_Mul_8X8_S
  _Mul_8X8_S
  L_end_Mul_16X16_U
  _Mul_16X16_U
  L_end_Mul_16X16_S
  _Mul_16X16_S
  L_end_SDIV3232L
  _SDIV3232L
  L_end_COMFREM
  _COMFREM
  L_end_Div_32x32_S
  _Div_32x32_S
  L_end_Div_32x32_U
  _Div_32x32_U
  L_end_Mul_32x32_U
  _Mul_32x32_U
  L_end_Mul_32x32_S
  _Mul_32x32_S
  SETFOV32EEE
  SETFUN32EEE
  NRMRND4032
  NRM40JPSETFOV32
  NRM4032
  NRM4032A
  TNIB4032
  NORM4032
  TNORMUN4032
  NRM40JPSETFUN32
  NRM40JPFIXSIGN32
  NRM4032B
  TNIB4032A
  NORM4032A
  NRM4032C
  TNIB4032B
  NORM4032B
  NRM40JPRES032
  TNIB4032C
  NORM4032C
  NRM40EEE
  NORM3232
  JPNRES032
  JPNSETFUN32
  NORM3232A
  JMPNFIXSIGN32
  NORM32EEE
  SETIOV3224EEE
  FPA32
  USEA32
  USEB32
  BRETURN32
  BLIGNED32
  BNIB32
  BNIB32A
  BNIB32B
  BNIB32C
  ADDEOK
  BLOOP32C
  BLOOP32B
  BLOOP32A
  BLOOP32
  AOK32
  BNE032
  ALIGNED32
  ANIB32
  ANIB32A
  ANIB32B
  ANIB32C
  ALOOP32C
  ALOOP32B
  ALOOP32A
  ALOOP32
  ACOMP32
  ADDJPNRMRND4032
  ADDJPSETFOV32
  ADDJPNRM4032
  ADDEEE
  FPS32
  FPM32
  MULJPRES032
  M32BNE0
  MTUN32
  MULJPSETFOV32
  MOK32
  MULJPSETFUN32
  MROUND32
  MUL32OK
  MULEEE
  L_Div_32x32_FP11
  L_Div_32x32_FP12
  L_Div_32x32_FP13
  L_Div_32x32_FP14
  FPD32
  JPDSETFDZ32
  JPDRES032
  D32BNE0
  TALIGN32
  TS1ALIGN32
  TS2ALIGN32
  DALIGN32OK
  ALTB32
  AGEB32
  JPDSETFOV32
  DARGOK32
  JPDSETFUN32
  DLOOP32
  DS132
  DS232
  DREST32
  DOK32
  DAREST32
  DROUND32
  DIV32OK
  DIV32EEE
  INT3232U
  INT3232UEOK
  SETEXP32U
  SETIOV32U
  TSHIFT3232U
  SHIFT3232UOK
  SHIFT3232U
  INT3232UOK
  JPLSETIOV3224
  IRES032U
  INT3232UEER
  INT3232UEEE
  INT3232
  INT3232EOK
  SETIOV32
  TSHIFT3232
  SHIFT3232OK
  SHIFT3232
  INT3232OK
  JPISETIOV3224
  IRES032
  INT3232EER
  INT3232EEE
  INT3216
  IRES016
  SETIOV16
  TSHIFT3216
  SHIFT3216OK
  SHIFT3216
  INT3216OK
  JPJSETIOV3224
  INT3216EOK
  INT3216EER
  INT3216EEE
  INT3216U
  IRES016U
  SETEXP16U
  SETIOV16U
  TSHIFT3216U
  SHIFT3216UOK
  SHIFT3216U
  INT3216UOK
  JPKSETIOV3224
  INT3216UEOK
  INT3216UEER
  INT3216UEEE
  INT32U08
  IRES008
  SETEXP08
  SETIOV08
  TSHIFT3208
  SHIFT3208OK
  SHIFT3208
  INT3208OK
  D2B_JPKSETIOV3224
  INT3208EOK
  INT3208EER
  INT3208EEE
  FLO08U32
  FLO1632
  FLO1632EEE
  FLO16U32
  FLO3232
  FLO3232EEE
  FLO32U32
  EQU_FALSE
  COMPARE_EQU
  COMPARE_NOTZERO
  COMPARE_XNOTZERO
  COMPARE_YNOTZERO
  COMPARE_LT
  COMPARE_GT
  COMPARE_TESTALL
  COMPARE_C1
  GT_FALSE
  GT_TRUE
  COMPARE_C2
  COMPARE_C3
  L_end_SETFOV32
  _SETFOV32
  L_end_SETFDZ32
  _SETFDZ32
  L_end_FIXSIGN32
  _FIXSIGN32
  L_end_RES032
  _RES032
  L_end_SETFUN32
  _SETFUN32
  L_end_NRM4032
  _NRM4032
  L_end_NRM3232
  _NRM3232
  L_end_SETIOV3224
  _SETIOV3224
  L_end_Add_32x32_FP
  _Add_32x32_FP
  L_end_Sub_32x32_FP
  _Sub_32x32_FP
  L_end_Mul_32x32_FP
  _Mul_32x32_FP
  L_end_Div_32x32_FP
  _Div_32x32_FP
  L_end_double2longword
  _double2longword
  L_end_double2longint
  _double2longint
  L_end_double2int
  _double2int
  L_end_double2word
  _double2word
  L_end_double2byte
  _double2byte
  L_end_byte2double
  _byte2double
  L_end_int2double
  _int2double
  L_end_word2double
  _word2double
  L_end_longint2double
  _longint2double
  L_end_longword2double
  _longword2double
  L_end_Equals_Double
  _Equals_Double
  L_end_Compare_Double
  _Compare_Double
  _CC2D_Loop1
  _CC2DL_Loop1
  L_loopCA2AWs
  L_loopCCA2AWs
  L_loopCS2Ss
  L_CS2Send
  L_loopCCS2Ss
  L_CCS2Send
  L_loopFZinSWs
  L_longjmp7
  L_end___CC2D
  ___CC2D
  L_end___CC2DW
  ___CC2DW
  L_end___CA2AW
  ___CA2AW
  L_end___CCA2AW
  ___CCA2AW
  L_end___CS2S
  ___CS2S
  L_end___CCS2S
  ___CCS2S
  L_end___FZinS
  ___FZinS
  L_end_____DoIFC
  _____DoIFC
  L_end_Swap
  _Swap
  L_end_setjmp
  _setjmp
  L_end_longjmp
  _longjmp
